mean_fit_time,std_fit_time,mean_score_time,std_score_time,param_max_depth,param_max_features,param_n_estimators,params,split0_test_score,split1_test_score,split2_test_score,split3_test_score,split4_test_score,split5_test_score,split6_test_score,split7_test_score,split8_test_score,split9_test_score,mean_test_score,std_test_score,rank_test_score,split0_train_score,split1_train_score,split2_train_score,split3_train_score,split4_train_score,split5_train_score,split6_train_score,split7_train_score,split8_train_score,split9_train_score,mean_train_score,std_train_score
0.14196019172668456,0.0162869089336799,0.0,0.0,5,auto,50,"{'max_depth': 5, 'max_features': 'auto', 'n_estimators': 50}",0.4098591549295775,0.4033850493653032,0.39633286318758815,0.4067796610169492,0.4158415841584158,0.41359773371104813,0.3881019830028329,0.41761363636363635,0.40825035561877665,0.4037089871611983,0.40634291377601583,0.00857101691462587,191,0.41051471745631984,0.4129682090022033,0.4090336795719232,0.4113296616837136,0.4106356198867212,0.4118294793141419,0.4113575585968224,0.40934109136656704,0.4116352201257862,0.4135491983652939,0.4112194435369493,0.0013492752029756992
0.2839205741882324,0.028595210103669697,0.015599989891052246,1.2839233415447482e-07,5,auto,100,"{'max_depth': 5, 'max_features': 'auto', 'n_estimators': 100}",0.4112676056338028,0.40620592383638926,0.4005641748942172,0.4110169491525424,0.41725601131541723,0.415014164305949,0.386685552407932,0.42045454545454547,0.4096728307254623,0.4051355206847361,0.40832507433102083,0.009122076083356573,189,0.41429246025499766,0.4131255901794145,0.4118665407617249,0.4114870180959874,0.4118942731277533,0.41403177599496616,0.4135598552776467,0.410127378518635,0.4125786163522013,0.4146494812951902,0.4127612989858517,0.0013579848010114221
0.31512064933776857,0.030249552382379884,0.015600013732910156,1.784161275279017e-07,5,auto,150,"{'max_depth': 5, 'max_features': 'auto', 'n_estimators': 150}",0.4126760563380282,0.4090267983074753,0.4005641748942172,0.4110169491525424,0.41725601131541723,0.415014164305949,0.3881019830028329,0.42045454545454547,0.41109530583214793,0.4008559201141227,0.40860824012459296,0.009107504490859505,187,0.4139776483551078,0.41344035253383693,0.4118665407617249,0.4113296616837136,0.41236626809314036,0.4121440931256882,0.4130879345603272,0.41028463594904857,0.41226415094339625,0.41480666457088966,0.41255679505768733,0.0012482306764481329
0.3790805578231812,0.052694803587976353,0.031200098991394042,1.8621086301581035e-07,5,auto,200,"{'max_depth': 5, 'max_features': 'auto', 'n_estimators': 200}",0.4112676056338028,0.4090267983074753,0.4005641748942172,0.4110169491525424,0.4158415841584158,0.4164305949008499,0.3895184135977337,0.4247159090909091,0.41251778093883357,0.4008559201141227,0.4091745717117372,0.009413414640372498,185,0.413662836455218,0.4131255901794145,0.4131255901794145,0.41195908733280884,0.4131529263687854,0.4124587069372345,0.41371716218341986,0.4113854379619437,0.4128930817610063,0.4151210311222886,0.4130601450481534,0.0009729308414741635
0.555360984802246,0.07121542407088549,0.054600095748901366,0.007800006867475343,5,auto,300,"{'max_depth': 5, 'max_features': 'auto', 'n_estimators': 300}",0.4126760563380282,0.4104372355430183,0.4033850493653032,0.4110169491525424,0.41725601131541723,0.4192634560906516,0.3895184135977337,0.42613636363636365,0.41251778093883357,0.39942938659058486,0.4101656519892397,0.00993285148925719,179,0.4139776483551078,0.41344035253383693,0.4137551148882594,0.4129032258064516,0.4131529263687854,0.4135598552776467,0.41466100361805885,0.4116999528227709,0.41336477987421383,0.415592580949387,0.4136107440494518,0.0009818150479627918
0.847081470489502,0.11379463725269783,0.13416025638580323,0.04311935552706112,5,auto,500,"{'max_depth': 5, 'max_features': 'auto', 'n_estimators': 500}",0.4140845070422535,0.4104372355430183,0.4033850493653032,0.4110169491525424,0.4186704384724187,0.4206798866855524,0.3881019830028329,0.42329545454545453,0.41109530583214793,0.39942938659058486,0.41002406909245365,0.010093498938644639,181,0.41460727215488746,0.41344035253383693,0.414227258419893,0.41337529504327303,0.4133102580239144,0.4134025483718735,0.414818310523832,0.41201446768359806,0.41446540880503147,0.415592580949387,0.4139253752509527,0.000962589292882457
1.1871621370315553,0.1315314680693824,0.2121603012084961,0.09596233175889086,5,auto,750,"{'max_depth': 5, 'max_features': 'auto', 'n_estimators': 750}",0.4112676056338028,0.4104372355430183,0.4033850493653032,0.4138418079096045,0.4158415841584158,0.42209631728045327,0.3895184135977337,0.421875,0.41109530583214793,0.39942938659058486,0.4098824861956676,0.009553913798349547,183,0.41429246025499766,0.4146994019515266,0.4146994019515266,0.41416207710464203,0.4133102580239144,0.4143463898065125,0.414818310523832,0.412800754835666,0.41446540880503147,0.4151210311222886,0.41427154943799377,0.0006730233500865255
1.6146028518676758,0.21060029489025806,0.31044051647186277,0.1072777434082605,5,auto,1000,"{'max_depth': 5, 'max_features': 'auto', 'n_estimators': 1000}",0.4098591549295775,0.4104372355430183,0.40479548660084624,0.4138418079096045,0.4158415841584158,0.42209631728045327,0.3909348441926346,0.42613636363636365,0.41536273115220484,0.40228245363766046,0.41115673226674215,0.00959078693426708,177,0.4160239257043916,0.4156436890147938,0.4156436890147938,0.4147915027537372,0.4139395846444305,0.41513292433537835,0.41670599339310993,0.4137442994181475,0.41540880503144656,0.4163784973278843,0.41534129106381135,0.0009193744391461847
0.15756025314331054,0.033784093328038625,0.0,0.0,5,sqrt,50,"{'max_depth': 5, 'max_features': 'sqrt', 'n_estimators': 50}",0.4098591549295775,0.4033850493653032,0.39633286318758815,0.4067796610169492,0.4158415841584158,0.41359773371104813,0.3881019830028329,0.41761363636363635,0.40825035561877665,0.4037089871611983,0.40634291377601583,0.00857101691462587,191,0.41051471745631984,0.4129682090022033,0.4090336795719232,0.4113296616837136,0.4106356198867212,0.4118294793141419,0.4113575585968224,0.40934109136656704,0.4116352201257862,0.4135491983652939,0.4112194435369493,0.0013492752029756992
0.171600341796875,0.01845818920279569,0.015599942207336426,1.2839233415447482e-07,5,sqrt,100,"{'max_depth': 5, 'max_features': 'sqrt', 'n_estimators': 100}",0.4112676056338028,0.40620592383638926,0.4005641748942172,0.4110169491525424,0.41725601131541723,0.415014164305949,0.386685552407932,0.42045454545454547,0.4096728307254623,0.4051355206847361,0.40832507433102083,0.009122076083356573,189,0.41429246025499766,0.4131255901794145,0.4118665407617249,0.4114870180959874,0.4118942731277533,0.41403177599496616,0.4135598552776467,0.410127378518635,0.4125786163522013,0.4146494812951902,0.4127612989858517,0.0013579848010114221
0.33072059154510497,0.04823408643920361,0.015599942207336426,1.6689300537109377e-07,5,sqrt,150,"{'max_depth': 5, 'max_features': 'sqrt', 'n_estimators': 150}",0.4126760563380282,0.4090267983074753,0.4005641748942172,0.4110169491525424,0.41725601131541723,0.415014164305949,0.3881019830028329,0.42045454545454547,0.41109530583214793,0.4008559201141227,0.40860824012459296,0.009107504490859505,187,0.4139776483551078,0.41344035253383693,0.4118665407617249,0.4113296616837136,0.41236626809314036,0.4121440931256882,0.4130879345603272,0.41028463594904857,0.41226415094339625,0.41480666457088966,0.41255679505768733,0.0012482306764481329
0.3837605953216553,0.03833926394776287,0.031200122833251954,1.430511474609375e-07,5,sqrt,200,"{'max_depth': 5, 'max_features': 'sqrt', 'n_estimators': 200}",0.4112676056338028,0.4090267983074753,0.4005641748942172,0.4110169491525424,0.4158415841584158,0.4164305949008499,0.3895184135977337,0.4247159090909091,0.41251778093883357,0.4008559201141227,0.4091745717117372,0.009413414640372498,185,0.413662836455218,0.4131255901794145,0.4131255901794145,0.41195908733280884,0.4131529263687854,0.4124587069372345,0.41371716218341986,0.4113854379619437,0.4128930817610063,0.4151210311222886,0.4130601450481534,0.0009729308414741635
0.5444409847259521,0.10974494892196153,0.057720065116882324,0.01404003302314747,5,sqrt,300,"{'max_depth': 5, 'max_features': 'sqrt', 'n_estimators': 300}",0.4126760563380282,0.4104372355430183,0.4033850493653032,0.4110169491525424,0.41725601131541723,0.4192634560906516,0.3895184135977337,0.42613636363636365,0.41251778093883357,0.39942938659058486,0.4101656519892397,0.00993285148925719,179,0.4139776483551078,0.41344035253383693,0.4137551148882594,0.4129032258064516,0.4131529263687854,0.4135598552776467,0.41466100361805885,0.4116999528227709,0.41336477987421383,0.415592580949387,0.4136107440494518,0.0009818150479627918
0.8533214569091797,0.13901534328550036,0.11856029033660889,0.04532074241438481,5,sqrt,500,"{'max_depth': 5, 'max_features': 'sqrt', 'n_estimators': 500}",0.4140845070422535,0.4104372355430183,0.4033850493653032,0.4110169491525424,0.4186704384724187,0.4206798866855524,0.3881019830028329,0.42329545454545453,0.41109530583214793,0.39942938659058486,0.41002406909245365,0.010093498938644639,181,0.41460727215488746,0.41344035253383693,0.414227258419893,0.41337529504327303,0.4133102580239144,0.4134025483718735,0.414818310523832,0.41201446768359806,0.41446540880503147,0.415592580949387,0.4139253752509527,0.000962589292882457
1.1856021642684937,0.16435646769301523,0.19188027381896972,0.09017033124719832,5,sqrt,750,"{'max_depth': 5, 'max_features': 'sqrt', 'n_estimators': 750}",0.4112676056338028,0.4104372355430183,0.4033850493653032,0.4138418079096045,0.4158415841584158,0.42209631728045327,0.3895184135977337,0.421875,0.41109530583214793,0.39942938659058486,0.4098824861956676,0.009553913798349547,183,0.41429246025499766,0.4146994019515266,0.4146994019515266,0.41416207710464203,0.4133102580239144,0.4143463898065125,0.414818310523832,0.412800754835666,0.41446540880503147,0.4151210311222886,0.41427154943799377,0.0006730233500865255
1.558442735671997,0.20189230832256586,0.288600492477417,0.09156301954151962,5,sqrt,1000,"{'max_depth': 5, 'max_features': 'sqrt', 'n_estimators': 1000}",0.4098591549295775,0.4104372355430183,0.40479548660084624,0.4138418079096045,0.4158415841584158,0.42209631728045327,0.3909348441926346,0.42613636363636365,0.41536273115220484,0.40228245363766046,0.41115673226674215,0.00959078693426708,177,0.4160239257043916,0.4156436890147938,0.4156436890147938,0.4147915027537372,0.4139395846444305,0.41513292433537835,0.41670599339310993,0.4137442994181475,0.41540880503144656,0.4163784973278843,0.41534129106381135,0.0009193744391461847
0.15288026332855226,0.03181791772379056,0.0,0.0,10,auto,50,"{'max_depth': 10, 'max_features': 'auto', 'n_estimators': 50}",0.5056338028169014,0.5218617771509168,0.5021156558533145,0.5098870056497176,0.49787835926449786,0.5198300283286119,0.4943342776203966,0.515625,0.5248933143669986,0.5263908701854494,0.5118221718816367,0.010943257659639027,169,0.55548559735558,0.549732451998741,0.552880075542965,0.5461841070023603,0.5426368785399622,0.5518326254522573,0.5423942111058675,0.5467840855480421,0.5511006289308176,0.5402389185790631,0.5479269580055657,0.004819735494544514
0.2886004686355591,0.02980373072776535,0.015600085258483887,1.1920928955078125e-07,10,auto,100,"{'max_depth': 10, 'max_features': 'auto', 'n_estimators': 100}",0.5084507042253521,0.5190409026798307,0.5063469675599436,0.5098870056497176,0.49363507779349364,0.5226628895184136,0.4971671388101983,0.5127840909090909,0.5177809388335705,0.5192582025677603,0.5106895087073482,0.009160479435385907,173,0.5570596568550291,0.5476864966949953,0.5531948378973874,0.5527930763178599,0.5506607929515418,0.5519899323580305,0.5464841906559698,0.5472558578392829,0.554874213836478,0.5447972335743477,0.5506796288980922,0.0037907098442050012
0.35256061553955076,0.0964683047365106,0.02184004783630371,0.007642459500170215,10,auto,150,"{'max_depth': 10, 'max_features': 'auto', 'n_estimators': 150}",0.5056338028169014,0.5133991537376587,0.5049365303244006,0.5127118644067796,0.4908062234794908,0.5184135977337111,0.4971671388101983,0.5170454545454546,0.5305832147937412,0.5235378031383737,0.5113974231912785,0.011408517409572001,171,0.5510782307571226,0.5480012590494177,0.5480012590494177,0.5518489378442172,0.5470421648835746,0.5516753185464842,0.5408211420481359,0.5466268281176285,0.5515723270440251,0.5436969506444514,0.5480364417984476,0.0035128524243432033
0.5241609811782837,0.06009558933040309,0.031200098991394042,1.5266237824995158e-07,10,auto,200,"{'max_depth': 10, 'max_features': 'auto', 'n_estimators': 200}",0.5084507042253521,0.5190409026798307,0.5063469675599436,0.5169491525423728,0.4908062234794908,0.5169971671388102,0.49291784702549574,0.5198863636363636,0.5206258890469416,0.5306704707560628,0.512246920571995,0.01199594584311636,167,0.5521800724067369,0.5492603084671074,0.5506767390620082,0.5537372147915027,0.5494021397105098,0.5521472392638037,0.5406638351423627,0.5478848875609372,0.5492138364779874,0.5457403332285444,0.5490906606111501,0.0035612384155655537
0.7004412889480591,0.10405357747417193,0.09048023223876953,0.031818029942051206,10,auto,300,"{'max_depth': 10, 'max_features': 'auto', 'n_estimators': 300}",0.504225352112676,0.5148095909732017,0.5077574047954866,0.5155367231638418,0.4908062234794908,0.5141643059490085,0.49575070821529743,0.5184659090909091,0.5206258890469416,0.5221112696148359,0.5104063429137761,0.010046526404296341,175,0.5523374783566819,0.5489455461126849,0.5498898331759522,0.5529504327301338,0.5471994965387036,0.5497876356772062,0.5464841906559698,0.5478848875609372,0.5484276729559748,0.5468406161584407,0.5490747789922684,0.002095447011226366
1.145042109489441,0.17402244419577387,0.21996026039123534,0.11557714125192571,10,auto,500,"{'max_depth': 10, 'max_features': 'auto', 'n_estimators': 500}",0.5084507042253521,0.5204513399153737,0.5091678420310296,0.5211864406779662,0.49504950495049505,0.5155807365439093,0.5014164305949008,0.5170454545454546,0.5277382645803699,0.5278174037089871,0.514370664023786,0.010263594359695889,161,0.5545411616559106,0.5533522190745986,0.5546112684922884,0.5557828481510622,0.5533354310887351,0.5499449425829794,0.5499449425829794,0.548356659852178,0.5525157232704403,0.5482552656397359,0.5520640462390908,0.0025916495629846425
1.7175630331039429,0.23694074279689867,0.26520047187805174,0.13014573829222015,10,auto,750,"{'max_depth': 10, 'max_features': 'auto', 'n_estimators': 750}",0.5070422535211268,0.5190409026798307,0.5049365303244006,0.519774011299435,0.4908062234794908,0.5169971671388102,0.49291784702549574,0.5227272727272727,0.5263157894736842,0.5306704707560628,0.5130964179527113,0.012947299027643133,165,0.550448606957343,0.5517784073024866,0.551306263770853,0.5540519276160504,0.551762114537445,0.5497876356772062,0.5501022494887525,0.5491429470042459,0.5537735849056604,0.5484124489154354,0.5510566186175478,0.001760096493987304
2.1184837341308596,0.38471076184347136,0.39468066692352294,0.20099837965300202,10,auto,1000,"{'max_depth': 10, 'max_features': 'auto', 'n_estimators': 1000}",0.5056338028169014,0.5218617771509168,0.5077574047954866,0.519774011299435,0.4893917963224894,0.5155807365439093,0.4971671388101983,0.5227272727272727,0.5277382645803699,0.5263908701854494,0.5133795837462835,0.01228469077723862,163,0.5495041712576736,0.5527226943657538,0.5519357884796978,0.5524783634933124,0.551604782882316,0.549630328771433,0.5491584080541135,0.5493002044346595,0.5534591194968553,0.5491983652939327,0.5508992226529748,0.0016118486668003577
0.13572018146514891,0.007148854554517711,0.0,0.0,10,sqrt,50,"{'max_depth': 10, 'max_features': 'sqrt', 'n_estimators': 50}",0.5056338028169014,0.5218617771509168,0.5021156558533145,0.5098870056497176,0.49787835926449786,0.5198300283286119,0.4943342776203966,0.515625,0.5248933143669986,0.5263908701854494,0.5118221718816367,0.010943257659639027,169,0.55548559735558,0.549732451998741,0.552880075542965,0.5461841070023603,0.5426368785399622,0.5518326254522573,0.5423942111058675,0.5467840855480421,0.5511006289308176,0.5402389185790631,0.5479269580055657,0.004819735494544514
0.29172048568725584,0.03887510737850244,0.015599942207336426,1.6689300537109374e-07,10,sqrt,100,"{'max_depth': 10, 'max_features': 'sqrt', 'n_estimators': 100}",0.5084507042253521,0.5190409026798307,0.5063469675599436,0.5098870056497176,0.49363507779349364,0.5226628895184136,0.4971671388101983,0.5127840909090909,0.5177809388335705,0.5192582025677603,0.5106895087073482,0.009160479435385907,173,0.5570596568550291,0.5476864966949953,0.5531948378973874,0.5527930763178599,0.5506607929515418,0.5519899323580305,0.5464841906559698,0.5472558578392829,0.554874213836478,0.5447972335743477,0.5506796288980922,0.0037907098442050012
0.35256061553955076,0.04585459314768577,0.031200098991394042,1.5266237824995158e-07,10,sqrt,150,"{'max_depth': 10, 'max_features': 'sqrt', 'n_estimators': 150}",0.5056338028169014,0.5133991537376587,0.5049365303244006,0.5127118644067796,0.4908062234794908,0.5184135977337111,0.4971671388101983,0.5170454545454546,0.5305832147937412,0.5235378031383737,0.5113974231912785,0.011408517409572001,171,0.5510782307571226,0.5480012590494177,0.5480012590494177,0.5518489378442172,0.5470421648835746,0.5516753185464842,0.5408211420481359,0.5466268281176285,0.5515723270440251,0.5436969506444514,0.5480364417984476,0.0035128524243432033
0.5163609266281128,0.06671630294202364,0.03120002746582031,1.1680077279964342e-07,10,sqrt,200,"{'max_depth': 10, 'max_features': 'sqrt', 'n_estimators': 200}",0.5084507042253521,0.5190409026798307,0.5063469675599436,0.5169491525423728,0.4908062234794908,0.5169971671388102,0.49291784702549574,0.5198863636363636,0.5206258890469416,0.5306704707560628,0.512246920571995,0.01199594584311636,167,0.5521800724067369,0.5492603084671074,0.5506767390620082,0.5537372147915027,0.5494021397105098,0.5521472392638037,0.5406638351423627,0.5478848875609372,0.5492138364779874,0.5457403332285444,0.5490906606111501,0.0035612384155655537
0.7004412174224853,0.08089483977862168,0.09360017776489257,0.03417798732256714,10,sqrt,300,"{'max_depth': 10, 'max_features': 'sqrt', 'n_estimators': 300}",0.504225352112676,0.5148095909732017,0.5077574047954866,0.5155367231638418,0.4908062234794908,0.5141643059490085,0.49575070821529743,0.5184659090909091,0.5206258890469416,0.5221112696148359,0.5104063429137761,0.010046526404296341,175,0.5523374783566819,0.5489455461126849,0.5498898331759522,0.5529504327301338,0.5471994965387036,0.5497876356772062,0.5464841906559698,0.5478848875609372,0.5484276729559748,0.5468406161584407,0.5490747789922684,0.002095447011226366
1.1450420141220092,0.18955156027152117,0.21840033531188965,0.09176213825294181,10,sqrt,500,"{'max_depth': 10, 'max_features': 'sqrt', 'n_estimators': 500}",0.5084507042253521,0.5204513399153737,0.5091678420310296,0.5211864406779662,0.49504950495049505,0.5155807365439093,0.5014164305949008,0.5170454545454546,0.5277382645803699,0.5278174037089871,0.514370664023786,0.010263594359695889,161,0.5545411616559106,0.5533522190745986,0.5546112684922884,0.5557828481510622,0.5533354310887351,0.5499449425829794,0.5499449425829794,0.548356659852178,0.5525157232704403,0.5482552656397359,0.5520640462390908,0.0025916495629846425
1.5865227699279785,0.20941836040043485,0.2854804992675781,0.14783851686259974,10,sqrt,750,"{'max_depth': 10, 'max_features': 'sqrt', 'n_estimators': 750}",0.5070422535211268,0.5190409026798307,0.5049365303244006,0.519774011299435,0.4908062234794908,0.5169971671388102,0.49291784702549574,0.5227272727272727,0.5263157894736842,0.5306704707560628,0.5130964179527113,0.012947299027643133,165,0.550448606957343,0.5517784073024866,0.551306263770853,0.5540519276160504,0.551762114537445,0.5497876356772062,0.5501022494887525,0.5491429470042459,0.5537735849056604,0.5484124489154354,0.5510566186175478,0.001760096493987304
2.052963638305664,0.3395792774576276,0.42276074886322024,0.26897718810427124,10,sqrt,1000,"{'max_depth': 10, 'max_features': 'sqrt', 'n_estimators': 1000}",0.5056338028169014,0.5218617771509168,0.5077574047954866,0.519774011299435,0.4893917963224894,0.5155807365439093,0.4971671388101983,0.5227272727272727,0.5277382645803699,0.5263908701854494,0.5133795837462835,0.01228469077723862,163,0.5495041712576736,0.5527226943657538,0.5519357884796978,0.5524783634933124,0.551604782882316,0.549630328771433,0.5491584080541135,0.5493002044346595,0.5534591194968553,0.5491983652939327,0.5508992226529748,0.0016118486668003577
0.2418003797531128,0.039619206615195184,0.01248009204864502,0.0062400460251765206,20,auto,50,"{'max_depth': 20, 'max_features': 'auto', 'n_estimators': 50}",0.6394366197183099,0.6643159379407616,0.6375176304654443,0.634180790960452,0.6336633663366337,0.6458923512747875,0.6444759206798867,0.6519886363636364,0.6529160739687055,0.6462196861626248,0.645051677757327,0.009063124820204445,159,0.8610105461986463,0.8457664463330186,0.8553666981429021,0.8410700236034618,0.8566708621774701,0.85181689476168,0.8535472707251849,0.8611416889448027,0.8544025157232704,0.851461804464005,0.8532254751074442,0.005913586245646667
0.4726808309555054,0.12204972085508621,0.024960088729858398,0.007642410833460479,20,auto,100,"{'max_depth': 20, 'max_features': 'auto', 'n_estimators': 100}",0.6408450704225352,0.6643159379407616,0.6361071932299013,0.635593220338983,0.6393210749646393,0.6416430594900849,0.6430594900849859,0.6491477272727273,0.6571834992887624,0.6562054208273894,0.6463259238284015,0.009376625591698301,157,0.858177239099638,0.8511174063581995,0.8602455146364495,0.8494099134539732,0.8573001887979862,0.8592103193330187,0.857637250275287,0.8650731247051423,0.8580188679245283,0.8607356177302735,0.8576925442314497,0.004299853377960257
0.6754811525344848,0.07986543479944629,0.04368016719818115,0.0152848605980016,20,auto,150,"{'max_depth': 20, 'max_features': 'auto', 'n_estimators': 150}",0.6366197183098592,0.6643159379407616,0.6389280677009873,0.6384180790960452,0.6435643564356436,0.6458923512747875,0.6416430594900849,0.6534090909090909,0.6557610241820768,0.6562054208273894,0.6474585870026901,0.008885950951833897,153,0.8573902093499134,0.8559962228517469,0.8613471828769279,0.8498819826907946,0.8573001887979862,0.8571653295579676,0.854648419065597,0.8628715206793521,0.8617924528301887,0.8586922351461804,0.8577085743846655,0.0036284517878774443
0.8580015182495118,0.12901898920580454,0.07644016742706299,0.028295912270981657,20,auto,200,"{'max_depth': 20, 'max_features': 'auto', 'n_estimators': 200}",0.6366197183098592,0.6671368124118476,0.6318758815232722,0.6426553672316384,0.6478076379066479,0.6458923512747875,0.6388101983002833,0.6477272727272727,0.6571834992887624,0.6576319543509273,0.647317004105904,0.010235946148550753,155,0.8606957342987565,0.8558388416745357,0.8616619452313503,0.8547600314712824,0.8615481434864695,0.8588957055214724,0.8563787950291017,0.8650731247051423,0.8599056603773585,0.8594781515246778,0.8594236133320147,0.002957085746279225
1.2292821168899537,0.19544283603061427,0.18408031463623048,0.06969557710398337,20,auto,300,"{'max_depth': 20, 'max_features': 'auto', 'n_estimators': 300}",0.6338028169014085,0.6629055007052186,0.6318758815232722,0.6384180790960452,0.6534653465346535,0.6458923512747875,0.6402266288951841,0.6519886363636364,0.6600284495021337,0.6633380884450785,0.6481665014866204,0.011253769849738514,151,0.8592790807492523,0.857570034623859,0.8604028958136607,0.8575924468922108,0.8580868470736313,0.8582664778983797,0.8577945571810602,0.8639723226922472,0.8610062893081761,0.8596353348003772,0.8593606287032853,0.001917011064736174
2.464804267883301,0.47378904778261993,0.37752068042755127,0.1678436102352875,20,auto,500,"{'max_depth': 20, 'max_features': 'auto', 'n_estimators': 500}",0.643661971830986,0.6629055007052186,0.6403385049365303,0.6426553672316384,0.6492220650636492,0.6430594900849859,0.6416430594900849,0.6519886363636364,0.6557610241820768,0.6633380884450785,0.649440747557695,0.008272408164157473,147,0.8594364866991973,0.8602455146364495,0.8627636134718287,0.859795436664044,0.8607614852108244,0.8588957055214724,0.858581091709926,0.8628715206793521,0.8619496855345912,0.8601068846274756,0.8605407424755163,0.0014492812627400213
2.9437251806259157,0.6832402996805166,0.630241084098816,0.29518282975783444,20,auto,750,"{'max_depth': 20, 'max_features': 'auto', 'n_estimators': 750}",0.6394366197183099,0.6614950634696756,0.6417489421720733,0.6468926553672316,0.6463932107496464,0.6388101983002833,0.6388101983002833,0.65625,0.6571834992887624,0.6647646219686163,0.6491575817641229,0.009411309176830808,149,0.8588068628994175,0.8604028958136607,0.8610324205225055,0.8591660110149488,0.8593455003146633,0.8592103193330187,0.8562214881233287,0.86365780783142,0.8613207547169811,0.8590066016975794,0.8598170662267524,0.0018561409435524125
4.006086969375611,0.5675837966202727,0.6661212205886841,0.26848820067265483,20,auto,1000,"{'max_depth': 20, 'max_features': 'auto', 'n_estimators': 1000}",0.6450704225352113,0.6629055007052186,0.6403385049365303,0.6426553672316384,0.6506364922206507,0.6430594900849859,0.6416430594900849,0.6534090909090909,0.6543385490753911,0.6647646219686163,0.6498654962480532,0.008391975031398153,145,0.8586494569494727,0.8607176581680831,0.8616619452313503,0.8601101494885917,0.8596601636249214,0.8590530124272455,0.8568507157464212,0.8620852335272842,0.8616352201257862,0.8591637849732788,0.8599587340262435,0.001541033116519755
0.30732049942016604,0.05033275707022819,0.010920095443725585,0.007148880567284367,20,sqrt,50,"{'max_depth': 20, 'max_features': 'sqrt', 'n_estimators': 50}",0.6394366197183099,0.6643159379407616,0.6375176304654443,0.634180790960452,0.6336633663366337,0.6458923512747875,0.6444759206798867,0.6519886363636364,0.6529160739687055,0.6462196861626248,0.645051677757327,0.009063124820204445,159,0.8610105461986463,0.8457664463330186,0.8553666981429021,0.8410700236034618,0.8566708621774701,0.85181689476168,0.8535472707251849,0.8611416889448027,0.8544025157232704,0.851461804464005,0.8532254751074442,0.005913586245646667
0.4695607662200928,0.07624893777770267,0.020279979705810545,0.007148838947607424,20,sqrt,100,"{'max_depth': 20, 'max_features': 'sqrt', 'n_estimators': 100}",0.6408450704225352,0.6643159379407616,0.6361071932299013,0.635593220338983,0.6393210749646393,0.6416430594900849,0.6430594900849859,0.6491477272727273,0.6571834992887624,0.6562054208273894,0.6463259238284015,0.009376625591698301,157,0.858177239099638,0.8511174063581995,0.8602455146364495,0.8494099134539732,0.8573001887979862,0.8592103193330187,0.857637250275287,0.8650731247051423,0.8580188679245283,0.8607356177302735,0.8576925442314497,0.004299853377960257
0.6396010875701904,0.07045959393334715,0.03744010925292969,0.014297599850227175,20,sqrt,150,"{'max_depth': 20, 'max_features': 'sqrt', 'n_estimators': 150}",0.6366197183098592,0.6643159379407616,0.6389280677009873,0.6384180790960452,0.6435643564356436,0.6458923512747875,0.6416430594900849,0.6534090909090909,0.6557610241820768,0.6562054208273894,0.6474585870026901,0.008885950951833897,153,0.8573902093499134,0.8559962228517469,0.8613471828769279,0.8498819826907946,0.8573001887979862,0.8571653295579676,0.854648419065597,0.8628715206793521,0.8617924528301887,0.8586922351461804,0.8577085743846655,0.0036284517878774443
0.9984016656875611,0.14074653857640343,0.09048018455505372,0.0417428174682113,20,sqrt,200,"{'max_depth': 20, 'max_features': 'sqrt', 'n_estimators': 200}",0.6366197183098592,0.6671368124118476,0.6318758815232722,0.6426553672316384,0.6478076379066479,0.6458923512747875,0.6388101983002833,0.6477272727272727,0.6571834992887624,0.6576319543509273,0.647317004105904,0.010235946148550753,155,0.8606957342987565,0.8558388416745357,0.8616619452313503,0.8547600314712824,0.8615481434864695,0.8588957055214724,0.8563787950291017,0.8650731247051423,0.8599056603773585,0.8594781515246778,0.8594236133320147,0.002957085746279225
1.2651622533798217,0.15715814765394867,0.11544013023376465,0.03135558640017436,20,sqrt,300,"{'max_depth': 20, 'max_features': 'sqrt', 'n_estimators': 300}",0.6338028169014085,0.6629055007052186,0.6318758815232722,0.6384180790960452,0.6534653465346535,0.6458923512747875,0.6402266288951841,0.6519886363636364,0.6600284495021337,0.6633380884450785,0.6481665014866204,0.011253769849738514,151,0.8592790807492523,0.857570034623859,0.8604028958136607,0.8575924468922108,0.8580868470736313,0.8582664778983797,0.8577945571810602,0.8639723226922472,0.8610062893081761,0.8596353348003772,0.8593606287032853,0.001917011064736174
2.252643895149231,0.4092562452940769,0.40404069423675537,0.2011677223817879,20,sqrt,500,"{'max_depth': 20, 'max_features': 'sqrt', 'n_estimators': 500}",0.643661971830986,0.6629055007052186,0.6403385049365303,0.6426553672316384,0.6492220650636492,0.6430594900849859,0.6416430594900849,0.6519886363636364,0.6557610241820768,0.6633380884450785,0.649440747557695,0.008272408164157473,147,0.8594364866991973,0.8602455146364495,0.8627636134718287,0.859795436664044,0.8607614852108244,0.8588957055214724,0.858581091709926,0.8628715206793521,0.8619496855345912,0.8601068846274756,0.8605407424755163,0.0014492812627400213
2.83608500957489,0.6193741397347426,0.5553608417510987,0.1431806898909496,20,sqrt,750,"{'max_depth': 20, 'max_features': 'sqrt', 'n_estimators': 750}",0.6394366197183099,0.6614950634696756,0.6417489421720733,0.6468926553672316,0.6463932107496464,0.6388101983002833,0.6388101983002833,0.65625,0.6571834992887624,0.6647646219686163,0.6491575817641229,0.009411309176830808,149,0.8588068628994175,0.8604028958136607,0.8610324205225055,0.8591660110149488,0.8593455003146633,0.8592103193330187,0.8562214881233287,0.86365780783142,0.8613207547169811,0.8590066016975794,0.8598170662267524,0.0018561409435524125
3.857886815071106,0.5599540528850421,0.6879611492156983,0.30509519905428134,20,sqrt,1000,"{'max_depth': 20, 'max_features': 'sqrt', 'n_estimators': 1000}",0.6450704225352113,0.6629055007052186,0.6403385049365303,0.6426553672316384,0.6506364922206507,0.6430594900849859,0.6416430594900849,0.6534090909090909,0.6543385490753911,0.6647646219686163,0.6498654962480532,0.008391975031398153,145,0.8586494569494727,0.8607176581680831,0.8616619452313503,0.8601101494885917,0.8596601636249214,0.8590530124272455,0.8568507157464212,0.8620852335272842,0.8616352201257862,0.8591637849732788,0.8599587340262435,0.001541033116519755
0.2886005640029907,0.04692997141912253,0.015599942207336426,1.6689300537109374e-07,30,auto,50,"{'max_depth': 30, 'max_features': 'auto', 'n_estimators': 50}",0.6661971830985915,0.6826516220028209,0.6600846262341326,0.6779661016949152,0.669024045261669,0.6728045325779037,0.6657223796033994,0.6676136363636364,0.6799431009957326,0.6747503566333809,0.6716692623531078,0.0068061152379663365,143,0.9992129702502754,0.9995278564683664,0.9987409505823104,0.9993705743509048,0.999685336689742,0.998112317130722,0.9992134654711342,0.9996854851391729,0.9995283018867924,0.9995284501729016,0.9992605708142323,0.00046700496182522426
0.7472413301467895,0.15513207307303253,0.031200051307678223,1.5993604499100135e-07,30,auto,100,"{'max_depth': 30, 'max_features': 'auto', 'n_estimators': 100}",0.6676056338028169,0.688293370944993,0.6770098730606487,0.6709039548022598,0.6888260254596889,0.669971671388102,0.6713881019830028,0.6690340909090909,0.6685633001422475,0.6861626248216833,0.6757751663599038,0.008229589390823737,139,0.9993703762002204,0.9998426188227888,0.9993704752911552,0.9995279307631786,0.999842668344871,0.9995280792826805,0.9996853861884537,1.0,1.0,1.0,0.9997167534893349,0.00024176519458045224
1.1684421062469483,0.2100449504199161,0.08424019813537598,0.05322331098753053,30,auto,150,"{'max_depth': 30, 'max_features': 'auto', 'n_estimators': 150}",0.6690140845070423,0.6995768688293371,0.6657263751763046,0.6765536723163842,0.6916548797736917,0.6742209631728046,0.6813031161473088,0.6803977272727273,0.6842105263157895,0.6932952924393724,0.6815800651281325,0.01030431668404353,117,0.9995277821501652,1.0,0.9996852376455776,1.0,1.0,0.9998426930942268,0.9996853861884537,1.0,1.0,1.0,0.9998741099078423,0.00016950197563717813
1.2714022159576417,0.18566658481154275,0.12636029720306396,0.05468918649443013,30,auto,200,"{'max_depth': 30, 'max_features': 'auto', 'n_estimators': 200}",0.6704225352112676,0.6967559943582511,0.6657263751763046,0.6694915254237288,0.6888260254596889,0.6756373937677054,0.6756373937677054,0.6846590909090909,0.6799431009957326,0.6875891583452212,0.6794563216763415,0.00938682787415288,121,1.0,1.0,0.9995278564683664,1.0,1.0,0.9998426930942268,0.9998426930942268,1.0,0.9998427672955975,1.0,0.9999056009952417,0.00014422927650500504
1.934403419494629,0.4697655397358834,0.18096022605895995,0.07806259300554391,30,auto,300,"{'max_depth': 30, 'max_features': 'auto', 'n_estimators': 300}",0.671830985915493,0.688293370944993,0.6586741889985895,0.6751412429378532,0.6902404526166902,0.6742209631728046,0.6784702549575071,0.6832386363636364,0.6884779516358464,0.6861626248216833,0.6794563216763415,0.009347421934517383,121,1.0,1.0,0.9998426188227888,1.0,1.0,1.0,0.9998426930942268,1.0,0.9998427672955975,1.0,0.9999528079212613,7.208709865243342e-05
3.591126322746277,0.6015949927716687,0.3463206052780151,0.11814893650196764,30,auto,500,"{'max_depth': 30, 'max_features': 'auto', 'n_estimators': 500}",0.671830985915493,0.692524682651622,0.6586741889985895,0.6751412429378532,0.6874115983026874,0.6742209631728046,0.6827195467422096,0.6775568181818182,0.6998577524893315,0.6875891583452212,0.6807305677474161,0.011183775715630992,119,1.0,1.0,0.9996852376455776,1.0,1.0,1.0,1.0,1.0,1.0,1.0,0.9999685237645577,9.442870632672128e-05
4.789208459854126,0.2844172231640655,0.5070008993148803,0.18981458733277537,30,auto,750,"{'max_depth': 30, 'max_features': 'auto', 'n_estimators': 750}",0.6816901408450704,0.689703808180536,0.6586741889985895,0.6779661016949152,0.6916548797736917,0.669971671388102,0.6827195467422096,0.6832386363636364,0.701280227596017,0.6890156918687589,0.682571145405635,0.011303587546060194,111,1.0,1.0,1.0,1.0,1.0,1.0,1.0,1.0,0.9998427672955975,1.0,0.9999842767295597,4.716981132074638e-05
6.867132067680359,0.4047478253745381,0.6598811626434327,0.22778713152026572,30,auto,1000,"{'max_depth': 30, 'max_features': 'auto', 'n_estimators': 1000}",0.6788732394366197,0.691114245416079,0.6614950634696756,0.6765536723163842,0.6902404526166902,0.6713881019830028,0.6841359773371105,0.6875,0.6998577524893315,0.6890156918687589,0.6829958940959932,0.01056692578060505,109,1.0,1.0,1.0,1.0,1.0,1.0,1.0,1.0,1.0,1.0,1.0,0.0
0.5101209163665772,0.2609498029793062,0.015599989891052246,1.9804534585280596e-07,30,sqrt,50,"{'max_depth': 30, 'max_features': 'sqrt', 'n_estimators': 50}",0.6661971830985915,0.6826516220028209,0.6600846262341326,0.6779661016949152,0.669024045261669,0.6728045325779037,0.6657223796033994,0.6676136363636364,0.6799431009957326,0.6747503566333809,0.6716692623531078,0.0068061152379663365,143,0.9992129702502754,0.9995278564683664,0.9987409505823104,0.9993705743509048,0.999685336689742,0.998112317130722,0.9992134654711342,0.9996854851391729,0.9995283018867924,0.9995284501729016,0.9992605708142323,0.00046700496182522426
0.5304009914398193,0.101580018549868,0.032760024070739746,0.0046799580269639915,30,sqrt,100,"{'max_depth': 30, 'max_features': 'sqrt', 'n_estimators': 100}",0.6676056338028169,0.688293370944993,0.6770098730606487,0.6709039548022598,0.6888260254596889,0.669971671388102,0.6713881019830028,0.6690340909090909,0.6685633001422475,0.6861626248216833,0.6757751663599038,0.008229589390823737,139,0.9993703762002204,0.9998426188227888,0.9993704752911552,0.9995279307631786,0.999842668344871,0.9995280792826805,0.9996853861884537,1.0,1.0,1.0,0.9997167534893349,0.00024176519458045224
1.06392183303833,0.1461414659607952,0.07020010948181152,0.014382548563404348,30,sqrt,150,"{'max_depth': 30, 'max_features': 'sqrt', 'n_estimators': 150}",0.6690140845070423,0.6995768688293371,0.6657263751763046,0.6765536723163842,0.6916548797736917,0.6742209631728046,0.6813031161473088,0.6803977272727273,0.6842105263157895,0.6932952924393724,0.6815800651281325,0.01030431668404353,117,0.9995277821501652,1.0,0.9996852376455776,1.0,1.0,0.9998426930942268,0.9996853861884537,1.0,1.0,1.0,0.9998741099078423,0.00016950197563717813
1.402442502975464,0.1773813748889033,0.09984016418457031,0.0453207128702727,30,sqrt,200,"{'max_depth': 30, 'max_features': 'sqrt', 'n_estimators': 200}",0.6704225352112676,0.6967559943582511,0.6657263751763046,0.6694915254237288,0.6888260254596889,0.6756373937677054,0.6756373937677054,0.6846590909090909,0.6799431009957326,0.6875891583452212,0.6794563216763415,0.00938682787415288,121,1.0,1.0,0.9995278564683664,1.0,1.0,0.9998426930942268,0.9998426930942268,1.0,0.9998427672955975,1.0,0.9999056009952417,0.00014422927650500504
2.060763621330261,0.4745306501112942,0.20436041355133056,0.10705074882777031,30,sqrt,300,"{'max_depth': 30, 'max_features': 'sqrt', 'n_estimators': 300}",0.671830985915493,0.688293370944993,0.6586741889985895,0.6751412429378532,0.6902404526166902,0.6742209631728046,0.6784702549575071,0.6832386363636364,0.6884779516358464,0.6861626248216833,0.6794563216763415,0.009347421934517383,121,1.0,1.0,0.9998426188227888,1.0,1.0,1.0,0.9998426930942268,1.0,0.9998427672955975,1.0,0.9999528079212613,7.208709865243342e-05
3.530286192893982,0.6977260116197798,0.308880615234375,0.08481597958254097,30,sqrt,500,"{'max_depth': 30, 'max_features': 'sqrt', 'n_estimators': 500}",0.671830985915493,0.692524682651622,0.6586741889985895,0.6751412429378532,0.6874115983026874,0.6742209631728046,0.6827195467422096,0.6775568181818182,0.6998577524893315,0.6875891583452212,0.6807305677474161,0.011183775715630992,119,1.0,1.0,0.9996852376455776,1.0,1.0,1.0,1.0,1.0,1.0,1.0,0.9999685237645577,9.442870632672128e-05
5.369529390335083,0.477615657369067,0.5959210395812988,0.2295696962433929,30,sqrt,750,"{'max_depth': 30, 'max_features': 'sqrt', 'n_estimators': 750}",0.6816901408450704,0.689703808180536,0.6586741889985895,0.6779661016949152,0.6916548797736917,0.669971671388102,0.6827195467422096,0.6832386363636364,0.701280227596017,0.6890156918687589,0.682571145405635,0.011303587546060194,111,1.0,1.0,1.0,1.0,1.0,1.0,1.0,1.0,0.9998427672955975,1.0,0.9999842767295597,4.716981132074638e-05
6.550451612472534,0.5349444134343058,0.6349210500717163,0.20483617439503565,30,sqrt,1000,"{'max_depth': 30, 'max_features': 'sqrt', 'n_estimators': 1000}",0.6788732394366197,0.691114245416079,0.6614950634696756,0.6765536723163842,0.6902404526166902,0.6713881019830028,0.6841359773371105,0.6875,0.6998577524893315,0.6890156918687589,0.6829958940959932,0.01056692578060505,109,1.0,1.0,1.0,1.0,1.0,1.0,1.0,1.0,1.0,1.0,1.0,0.0
0.31980056762695314,0.08886546934309636,0.0171600341796875,0.004679965975329614,40,auto,50,"{'max_depth': 40, 'max_features': 'auto', 'n_estimators': 50}",0.6732394366197183,0.6826516220028209,0.6643159379407616,0.6638418079096046,0.6817538896746818,0.6586402266288952,0.6770538243626062,0.6732954545454546,0.6842105263157895,0.6804564907275321,0.6739345887016849,0.00851008148310697,141,1.0,1.0,1.0,1.0,1.0,1.0,1.0,1.0,1.0,1.0,1.0,0.0
0.7004412174224853,0.15575826911116544,0.032760119438171385,0.0046800057127041345,40,auto,100,"{'max_depth': 40, 'max_features': 'auto', 'n_estimators': 100}",0.680281690140845,0.6812411847672779,0.6671368124118476,0.672316384180791,0.6888260254596889,0.6628895184135978,0.6798866855524079,0.6889204545454546,0.7041251778093883,0.6947218259629101,0.6820048138184908,0.01196271967302384,115,1.0,1.0,1.0,1.0,1.0,1.0,1.0,1.0,1.0,1.0,1.0,0.0
1.3119623422622682,0.32577173044089347,0.0920400619506836,0.05100512495862521,40,auto,150,"{'max_depth': 40, 'max_features': 'auto', 'n_estimators': 150}",0.680281690140845,0.6981664315937941,0.6600846262341326,0.6709039548022598,0.693069306930693,0.6657223796033994,0.6869688385269122,0.6846590909090909,0.7041251778093883,0.68188302425107,0.682571145405635,0.01331943182202882,111,1.0,1.0,1.0,1.0,1.0,1.0,1.0,1.0,1.0,1.0,1.0,0.0
1.425842523574829,0.2049727437736396,0.1154402256011963,0.022281308361980588,40,auto,200,"{'max_depth': 40, 'max_features': 'auto', 'n_estimators': 200}",0.676056338028169,0.688293370944993,0.6770098730606487,0.6822033898305084,0.6888260254596889,0.6713881019830028,0.6827195467422096,0.6875,0.7069701280227596,0.6861626248216833,0.684694888857426,0.00924851222684461,107,1.0,1.0,1.0,1.0,1.0,1.0,1.0,1.0,1.0,1.0,1.0,0.0
2.4117641925811766,0.30323502376259626,0.2106003999710083,0.08379111418314299,40,auto,300,"{'max_depth': 40, 'max_features': 'auto', 'n_estimators': 300}",0.6788732394366197,0.692524682651622,0.6741889985895627,0.6836158192090396,0.6902404526166902,0.669971671388102,0.6898016997167139,0.6889204545454546,0.7069701280227596,0.6932952924393724,0.686818632309217,0.01010484815099225,85,1.0,1.0,1.0,1.0,1.0,1.0,1.0,1.0,1.0,1.0,1.0,0.0
3.7798867225646973,0.32304112628944825,0.3681605577468872,0.13129992648393815,40,auto,500,"{'max_depth': 40, 'max_features': 'auto', 'n_estimators': 500}",0.6830985915492958,0.689703808180536,0.6671368124118476,0.6793785310734464,0.693069306930693,0.6713881019830028,0.6869688385269122,0.6846590909090909,0.7069701280227596,0.6990014265335235,0.6861107178252867,0.011379244339887132,95,1.0,1.0,1.0,1.0,1.0,1.0,1.0,1.0,1.0,1.0,1.0,0.0
5.787610125541687,0.515226155756261,0.5350810050964355,0.19843941162224285,40,auto,750,"{'max_depth': 40, 'max_features': 'auto', 'n_estimators': 750}",0.6859154929577465,0.6967559943582511,0.6614950634696756,0.6793785310734464,0.6987270155586988,0.669971671388102,0.6898016997167139,0.6860795454545454,0.7041251778093883,0.6932952924393724,0.6865354665156449,0.012542759784766405,87,1.0,1.0,1.0,1.0,1.0,1.0,1.0,1.0,1.0,1.0,1.0,0.0
7.358532857894898,0.6635074864639887,0.6271211624145507,0.21444229712864726,40,auto,1000,"{'max_depth': 40, 'max_features': 'auto', 'n_estimators': 1000}",0.6830985915492958,0.692524682651622,0.6741889985895627,0.6836158192090396,0.693069306930693,0.6784702549575071,0.6898016997167139,0.6946022727272727,0.7069701280227596,0.6918687589158345,0.688800792864222,0.00886149636134351,27,1.0,1.0,1.0,1.0,1.0,1.0,1.0,1.0,1.0,1.0,1.0,0.0
0.32760062217712405,0.15847670676676565,0.015599966049194336,1.5078914929239175e-07,40,sqrt,50,"{'max_depth': 40, 'max_features': 'sqrt', 'n_estimators': 50}",0.6732394366197183,0.6826516220028209,0.6643159379407616,0.6638418079096046,0.6817538896746818,0.6586402266288952,0.6770538243626062,0.6732954545454546,0.6842105263157895,0.6804564907275321,0.6739345887016849,0.00851008148310697,141,1.0,1.0,1.0,1.0,1.0,1.0,1.0,1.0,1.0,1.0,1.0,0.0
0.7675213813781738,0.34446046659011387,0.03900003433227539,0.018784896160008543,40,sqrt,100,"{'max_depth': 40, 'max_features': 'sqrt', 'n_estimators': 100}",0.680281690140845,0.6812411847672779,0.6671368124118476,0.672316384180791,0.6888260254596889,0.6628895184135978,0.6798866855524079,0.6889204545454546,0.7041251778093883,0.6947218259629101,0.6820048138184908,0.01196271967302384,115,1.0,1.0,1.0,1.0,1.0,1.0,1.0,1.0,1.0,1.0,1.0,0.0
1.3384823083877564,0.19519364875285736,0.1154402494430542,0.05676348215227325,40,sqrt,150,"{'max_depth': 40, 'max_features': 'sqrt', 'n_estimators': 150}",0.680281690140845,0.6981664315937941,0.6600846262341326,0.6709039548022598,0.693069306930693,0.6657223796033994,0.6869688385269122,0.6846590909090909,0.7041251778093883,0.68188302425107,0.682571145405635,0.01331943182202882,111,1.0,1.0,1.0,1.0,1.0,1.0,1.0,1.0,1.0,1.0,1.0,0.0
1.4164824962615967,0.25074830692556166,0.11856012344360352,0.04793039569576616,40,sqrt,200,"{'max_depth': 40, 'max_features': 'sqrt', 'n_estimators': 200}",0.676056338028169,0.688293370944993,0.6770098730606487,0.6822033898305084,0.6888260254596889,0.6713881019830028,0.6827195467422096,0.6875,0.7069701280227596,0.6861626248216833,0.684694888857426,0.00924851222684461,107,1.0,1.0,1.0,1.0,1.0,1.0,1.0,1.0,1.0,1.0,1.0,0.0
2.5584044456481934,0.22799540707356747,0.22308032512664794,0.08630914409197792,40,sqrt,300,"{'max_depth': 40, 'max_features': 'sqrt', 'n_estimators': 300}",0.6788732394366197,0.692524682651622,0.6741889985895627,0.6836158192090396,0.6902404526166902,0.669971671388102,0.6898016997167139,0.6889204545454546,0.7069701280227596,0.6932952924393724,0.686818632309217,0.01010484815099225,85,1.0,1.0,1.0,1.0,1.0,1.0,1.0,1.0,1.0,1.0,1.0,0.0
4.077847099304199,0.2470721160648123,0.3962407112121582,0.16702965148123633,40,sqrt,500,"{'max_depth': 40, 'max_features': 'sqrt', 'n_estimators': 500}",0.6830985915492958,0.689703808180536,0.6671368124118476,0.6793785310734464,0.693069306930693,0.6713881019830028,0.6869688385269122,0.6846590909090909,0.7069701280227596,0.6990014265335235,0.6861107178252867,0.011379244339887132,95,1.0,1.0,1.0,1.0,1.0,1.0,1.0,1.0,1.0,1.0,1.0,0.0
5.442849588394165,0.7076448490732817,0.5070009231567383,0.18801111562088108,40,sqrt,750,"{'max_depth': 40, 'max_features': 'sqrt', 'n_estimators': 750}",0.6859154929577465,0.6967559943582511,0.6614950634696756,0.6793785310734464,0.6987270155586988,0.669971671388102,0.6898016997167139,0.6860795454545454,0.7041251778093883,0.6932952924393724,0.6865354665156449,0.012542759784766405,87,1.0,1.0,1.0,1.0,1.0,1.0,1.0,1.0,1.0,1.0,1.0,0.0
8.060534167289735,0.6488579206369023,0.6848412036895752,0.2642305701771976,40,sqrt,1000,"{'max_depth': 40, 'max_features': 'sqrt', 'n_estimators': 1000}",0.6830985915492958,0.692524682651622,0.6741889985895627,0.6836158192090396,0.693069306930693,0.6784702549575071,0.6898016997167139,0.6946022727272727,0.7069701280227596,0.6918687589158345,0.688800792864222,0.00886149636134351,27,1.0,1.0,1.0,1.0,1.0,1.0,1.0,1.0,1.0,1.0,1.0,0.0
0.5506809473037719,0.2307591346074556,0.015599966049194336,1.5078914929239175e-07,50,auto,50,"{'max_depth': 50, 'max_features': 'auto', 'n_estimators': 50}",0.6732394366197183,0.6741889985895627,0.6671368124118476,0.6779661016949152,0.6775106082036775,0.6643059490084986,0.6742209631728046,0.6875,0.6785206258890469,0.6847360912981455,0.6759167492566898,0.006705559048331487,137,1.0,1.0,1.0,1.0,1.0,1.0,1.0,1.0,1.0,1.0,1.0,0.0
0.6286810874938965,0.10650373630382463,0.03119997978210449,9.5367431640625e-08,50,auto,100,"{'max_depth': 50, 'max_features': 'auto', 'n_estimators': 100}",0.6830985915492958,0.693935119887165,0.6727785613540197,0.6793785310734464,0.6831683168316832,0.6798866855524079,0.6912181303116147,0.7088068181818182,0.6927453769559033,0.6904422253922967,0.6875265467931474,0.009611035777881156,83,1.0,1.0,1.0,1.0,1.0,1.0,1.0,1.0,1.0,1.0,1.0,0.0
1.1013619661331178,0.18020558539079867,0.09984018802642822,0.04690395866116367,50,auto,150,"{'max_depth': 50, 'max_features': 'auto', 'n_estimators': 150}",0.6788732394366197,0.691114245416079,0.6727785613540197,0.672316384180791,0.6888260254596889,0.6883852691218131,0.6855524079320113,0.7059659090909091,0.689900426742532,0.6918687589158345,0.6865354665156449,0.00947712476166898,87,1.0,1.0,1.0,1.0,1.0,1.0,1.0,1.0,1.0,1.0,1.0,0.0
1.581842851638794,0.25030149376375677,0.09672012329101562,0.03543643900518077,50,auto,200,"{'max_depth': 50, 'max_features': 'auto', 'n_estimators': 200}",0.680281690140845,0.6953455571227081,0.6713681241184767,0.6822033898305084,0.685997171145686,0.6869688385269122,0.6926345609065155,0.703125,0.6998577524893315,0.6975748930099858,0.6895087073481524,0.009424186965948756,1,1.0,1.0,1.0,1.0,1.0,1.0,1.0,1.0,1.0,1.0,1.0,0.0
2.1028836965560913,0.45917115188130836,0.20748040676116944,0.06583503546023196,50,auto,300,"{'max_depth': 50, 'max_features': 'auto', 'n_estimators': 300}",0.6859154929577465,0.6840620592383639,0.6643159379407616,0.6836158192090396,0.6987270155586988,0.6841359773371105,0.6841359773371105,0.6988636363636364,0.6970128022759602,0.7004279600570613,0.6880928783802917,0.010483352686280973,67,1.0,1.0,1.0,1.0,1.0,1.0,1.0,1.0,1.0,1.0,1.0,0.0
4.221367287635803,0.3821337803092782,0.4040407657623291,0.15387185892599164,50,auto,500,"{'max_depth': 50, 'max_features': 'auto', 'n_estimators': 500}",0.6788732394366197,0.685472496473907,0.6685472496473907,0.6807909604519774,0.7001414427157001,0.6728045325779037,0.6841359773371105,0.6931818181818182,0.7069701280227596,0.6918687589158345,0.6862523007220728,0.011334222780320834,93,1.0,1.0,1.0,1.0,1.0,1.0,1.0,1.0,1.0,1.0,1.0,0.0
5.75329008102417,0.3195379575075675,0.3806406736373901,0.14470237446837936,50,auto,750,"{'max_depth': 50, 'max_features': 'auto', 'n_estimators': 750}",0.6845070422535211,0.692524682651622,0.6614950634696756,0.6836158192090396,0.6973125884016973,0.6742209631728046,0.6869688385269122,0.7017045454545454,0.7069701280227596,0.6961483594864479,0.6885176270706499,0.012820062314700644,39,1.0,1.0,1.0,1.0,1.0,1.0,1.0,1.0,1.0,1.0,1.0,0.0
7.433413052558899,0.28520769561535936,0.741001296043396,0.2634742692128984,50,auto,1000,"{'max_depth': 50, 'max_features': 'auto', 'n_estimators': 1000}",0.6859154929577465,0.691114245416079,0.6685472496473907,0.6850282485875706,0.695898161244696,0.669971671388102,0.6827195467422096,0.7017045454545454,0.7069701280227596,0.6975748930099858,0.6885176270706499,0.012048682281808039,39,1.0,1.0,1.0,1.0,1.0,1.0,1.0,1.0,1.0,1.0,1.0,0.0
0.48828079700469973,0.2428849572677372,0.01716012954711914,0.004680013657830811,50,sqrt,50,"{'max_depth': 50, 'max_features': 'sqrt', 'n_estimators': 50}",0.6732394366197183,0.6741889985895627,0.6671368124118476,0.6779661016949152,0.6775106082036775,0.6643059490084986,0.6742209631728046,0.6875,0.6785206258890469,0.6847360912981455,0.6759167492566898,0.006705559048331487,137,1.0,1.0,1.0,1.0,1.0,1.0,1.0,1.0,1.0,1.0,1.0,0.0
0.5725210189819336,0.09017039394403313,0.03120002746582031,1.5814899398591043e-07,50,sqrt,100,"{'max_depth': 50, 'max_features': 'sqrt', 'n_estimators': 100}",0.6830985915492958,0.693935119887165,0.6727785613540197,0.6793785310734464,0.6831683168316832,0.6798866855524079,0.6912181303116147,0.7088068181818182,0.6927453769559033,0.6904422253922967,0.6875265467931474,0.009611035777881156,83,1.0,1.0,1.0,1.0,1.0,1.0,1.0,1.0,1.0,1.0,1.0,0.0
1.1684420824050903,0.2710501976460353,0.0904801368713379,0.031043669871240926,50,sqrt,150,"{'max_depth': 50, 'max_features': 'sqrt', 'n_estimators': 150}",0.6788732394366197,0.691114245416079,0.6727785613540197,0.672316384180791,0.6888260254596889,0.6883852691218131,0.6855524079320113,0.7059659090909091,0.689900426742532,0.6918687589158345,0.6865354665156449,0.00947712476166898,87,1.0,1.0,1.0,1.0,1.0,1.0,1.0,1.0,1.0,1.0,1.0,0.0
1.595882773399353,0.21103896233453107,0.08736019134521485,0.029762980770901355,50,sqrt,200,"{'max_depth': 50, 'max_features': 'sqrt', 'n_estimators': 200}",0.680281690140845,0.6953455571227081,0.6713681241184767,0.6822033898305084,0.685997171145686,0.6869688385269122,0.6926345609065155,0.703125,0.6998577524893315,0.6975748930099858,0.6895087073481524,0.009424186965948756,1,1.0,1.0,1.0,1.0,1.0,1.0,1.0,1.0,1.0,1.0,1.0,0.0
2.272923994064331,0.41894418194902466,0.2511604309082031,0.12891514705600862,50,sqrt,300,"{'max_depth': 50, 'max_features': 'sqrt', 'n_estimators': 300}",0.6859154929577465,0.6840620592383639,0.6643159379407616,0.6836158192090396,0.6987270155586988,0.6841359773371105,0.6841359773371105,0.6988636363636364,0.6970128022759602,0.7004279600570613,0.6880928783802917,0.010483352686280973,67,1.0,1.0,1.0,1.0,1.0,1.0,1.0,1.0,1.0,1.0,1.0,0.0
4.358647584915161,0.8915576658590525,0.3135605573654175,0.12662951578445256,50,sqrt,500,"{'max_depth': 50, 'max_features': 'sqrt', 'n_estimators': 500}",0.6788732394366197,0.685472496473907,0.6685472496473907,0.6807909604519774,0.7001414427157001,0.6728045325779037,0.6841359773371105,0.6931818181818182,0.7069701280227596,0.6918687589158345,0.6862523007220728,0.011334222780320834,93,1.0,1.0,1.0,1.0,1.0,1.0,1.0,1.0,1.0,1.0,1.0,0.0
5.572329783439637,0.6221575601620304,0.527280855178833,0.2990815156417997,50,sqrt,750,"{'max_depth': 50, 'max_features': 'sqrt', 'n_estimators': 750}",0.6845070422535211,0.692524682651622,0.6614950634696756,0.6836158192090396,0.6973125884016973,0.6742209631728046,0.6869688385269122,0.7017045454545454,0.7069701280227596,0.6961483594864479,0.6885176270706499,0.012820062314700644,39,1.0,1.0,1.0,1.0,1.0,1.0,1.0,1.0,1.0,1.0,1.0,0.0
8.182214426994324,0.7646958087429101,0.7176012516021728,0.35070576983059637,50,sqrt,1000,"{'max_depth': 50, 'max_features': 'sqrt', 'n_estimators': 1000}",0.6859154929577465,0.691114245416079,0.6685472496473907,0.6850282485875706,0.695898161244696,0.669971671388102,0.6827195467422096,0.7017045454545454,0.7069701280227596,0.6975748930099858,0.6885176270706499,0.012048682281808039,39,1.0,1.0,1.0,1.0,1.0,1.0,1.0,1.0,1.0,1.0,1.0,0.0
0.4820408821105957,0.2714987939950462,0.015599989891052246,1.9804534585280593e-07,60,auto,50,"{'max_depth': 60, 'max_features': 'auto', 'n_estimators': 50}",0.6661971830985915,0.6812411847672779,0.6685472496473907,0.6822033898305084,0.6874115983026874,0.6657223796033994,0.6784702549575071,0.6832386363636364,0.6856330014224751,0.6918687589158345,0.6790315729859833,0.008735867959300335,135,1.0,1.0,1.0,1.0,1.0,1.0,1.0,1.0,1.0,1.0,1.0,0.0
0.6520811796188355,0.15783033195879517,0.03900010585784912,0.015985278207973862,60,auto,100,"{'max_depth': 60, 'max_features': 'auto', 'n_estimators': 100}",0.6774647887323944,0.6953455571227081,0.6685472496473907,0.6793785310734464,0.693069306930693,0.6784702549575071,0.6912181303116147,0.7017045454545454,0.6927453769559033,0.6875891583452212,0.6865354665156449,0.009671030653379582,87,1.0,1.0,1.0,1.0,1.0,1.0,1.0,1.0,1.0,1.0,1.0,0.0
1.116961932182312,0.14164274053813444,0.07488014698028564,0.02069583023459331,60,auto,150,"{'max_depth': 60, 'max_features': 'auto', 'n_estimators': 150}",0.680281690140845,0.7038081805359662,0.6713681241184767,0.6779661016949152,0.695898161244696,0.6784702549575071,0.6926345609065155,0.7045454545454546,0.6842105263157895,0.6904422253922967,0.6879512954835056,0.010756748226566781,69,1.0,1.0,1.0,1.0,1.0,1.0,1.0,1.0,1.0,1.0,1.0,0.0
1.3868424892425537,0.2611735592168951,0.09360003471374512,0.02610383575519156,60,auto,200,"{'max_depth': 60, 'max_features': 'auto', 'n_estimators': 200}",0.6816901408450704,0.6995768688293371,0.6685472496473907,0.6807909604519774,0.695898161244696,0.6813031161473088,0.6940509915014165,0.703125,0.6941678520625889,0.6918687589158345,0.6890839586577941,0.010096395842737716,3,1.0,1.0,1.0,1.0,1.0,1.0,1.0,1.0,1.0,1.0,1.0,0.0
2.2370439052581785,0.48466650432224745,0.2277604341506958,0.10834995666574633,60,auto,300,"{'max_depth': 60, 'max_features': 'auto', 'n_estimators': 300}",0.6816901408450704,0.693935119887165,0.6600846262341326,0.6793785310734464,0.7015558698727016,0.6798866855524079,0.6855524079320113,0.7088068181818182,0.6998577524893315,0.6918687589158345,0.6882344612770778,0.013317797050998793,65,1.0,1.0,1.0,1.0,1.0,1.0,1.0,1.0,1.0,1.0,1.0,0.0
3.6925265073776243,0.6785939694993005,0.33852055072784426,0.10325524009146647,60,auto,500,"{'max_depth': 60, 'max_features': 'auto', 'n_estimators': 500}",0.6859154929577465,0.693935119887165,0.6657263751763046,0.6850282485875706,0.6987270155586988,0.6728045325779037,0.6841359773371105,0.6946022727272727,0.705547652916074,0.6932952924393724,0.6879512954835056,0.011336836265974058,69,1.0,1.0,1.0,1.0,1.0,1.0,1.0,1.0,1.0,1.0,1.0,0.0
5.533329725265503,0.6691319757638869,0.5631608963012695,0.1984885714240334,60,auto,750,"{'max_depth': 60, 'max_features': 'auto', 'n_estimators': 750}",0.6788732394366197,0.6953455571227081,0.6657263751763046,0.6822033898305084,0.6973125884016973,0.6742209631728046,0.6869688385269122,0.7017045454545454,0.7069701280227596,0.6961483594864479,0.6885176270706499,0.012473371017540149,39,1.0,1.0,1.0,1.0,1.0,1.0,1.0,1.0,1.0,1.0,1.0,0.0
6.561371564865112,0.8248624953083585,0.8002814531326294,0.2911860840704558,60,auto,1000,"{'max_depth': 60, 'max_features': 'auto', 'n_estimators': 1000}",0.6816901408450704,0.692524682651622,0.6657263751763046,0.6864406779661016,0.7001414427157001,0.6756373937677054,0.6855524079320113,0.7017045454545454,0.7041251778093883,0.6975748930099858,0.6890839586577941,0.011800807359970845,3,1.0,1.0,1.0,1.0,1.0,1.0,1.0,1.0,1.0,1.0,1.0,0.0
0.36348068714141846,0.1103198978331919,0.015599966049194336,1.5078914929239175e-07,60,sqrt,50,"{'max_depth': 60, 'max_features': 'sqrt', 'n_estimators': 50}",0.6661971830985915,0.6812411847672779,0.6685472496473907,0.6822033898305084,0.6874115983026874,0.6657223796033994,0.6784702549575071,0.6832386363636364,0.6856330014224751,0.6918687589158345,0.6790315729859833,0.008735867959300335,135,1.0,1.0,1.0,1.0,1.0,1.0,1.0,1.0,1.0,1.0,1.0,0.0
0.650521183013916,0.13528913732831396,0.031200003623962403,1.0925711858167265e-07,60,sqrt,100,"{'max_depth': 60, 'max_features': 'sqrt', 'n_estimators': 100}",0.6774647887323944,0.6953455571227081,0.6685472496473907,0.6793785310734464,0.693069306930693,0.6784702549575071,0.6912181303116147,0.7017045454545454,0.6927453769559033,0.6875891583452212,0.6865354665156449,0.009671030653379582,87,1.0,1.0,1.0,1.0,1.0,1.0,1.0,1.0,1.0,1.0,1.0,0.0
1.3275623083114625,0.1952747442457595,0.09048011302947997,0.03181790135842048,60,sqrt,150,"{'max_depth': 60, 'max_features': 'sqrt', 'n_estimators': 150}",0.680281690140845,0.7038081805359662,0.6713681241184767,0.6779661016949152,0.695898161244696,0.6784702549575071,0.6926345609065155,0.7045454545454546,0.6842105263157895,0.6904422253922967,0.6879512954835056,0.010756748226566781,69,1.0,1.0,1.0,1.0,1.0,1.0,1.0,1.0,1.0,1.0,1.0,0.0
1.558442759513855,0.13171639608353536,0.12480020523071289,0.04833498090055944,60,sqrt,200,"{'max_depth': 60, 'max_features': 'sqrt', 'n_estimators': 200}",0.6816901408450704,0.6995768688293371,0.6685472496473907,0.6807909604519774,0.695898161244696,0.6813031161473088,0.6940509915014165,0.703125,0.6941678520625889,0.6918687589158345,0.6890839586577941,0.010096395842737716,3,1.0,1.0,1.0,1.0,1.0,1.0,1.0,1.0,1.0,1.0,1.0,0.0
2.3275241374969484,0.35069189534622963,0.21216037273406982,0.10399500271761992,60,sqrt,300,"{'max_depth': 60, 'max_features': 'sqrt', 'n_estimators': 300}",0.6816901408450704,0.693935119887165,0.6600846262341326,0.6793785310734464,0.7015558698727016,0.6798866855524079,0.6855524079320113,0.7088068181818182,0.6998577524893315,0.6918687589158345,0.6882344612770778,0.013317797050998793,65,1.0,1.0,1.0,1.0,1.0,1.0,1.0,1.0,1.0,1.0,1.0,0.0
3.9358869314193727,0.8614845752032404,0.3603605985641479,0.15132024632292987,60,sqrt,500,"{'max_depth': 60, 'max_features': 'sqrt', 'n_estimators': 500}",0.6859154929577465,0.693935119887165,0.6657263751763046,0.6850282485875706,0.6987270155586988,0.6728045325779037,0.6841359773371105,0.6946022727272727,0.705547652916074,0.6932952924393724,0.6879512954835056,0.011336836265974058,69,1.0,1.0,1.0,1.0,1.0,1.0,1.0,1.0,1.0,1.0,1.0,0.0
5.99977056980133,1.1707132300948646,0.6224411249160766,0.23164316376398691,60,sqrt,750,"{'max_depth': 60, 'max_features': 'sqrt', 'n_estimators': 750}",0.6788732394366197,0.6953455571227081,0.6657263751763046,0.6822033898305084,0.6973125884016973,0.6742209631728046,0.6869688385269122,0.7017045454545454,0.7069701280227596,0.6961483594864479,0.6885176270706499,0.012473371017540149,39,1.0,1.0,1.0,1.0,1.0,1.0,1.0,1.0,1.0,1.0,1.0,0.0
7.163532495498657,0.4996784404530117,0.753481388092041,0.12519923712393008,60,sqrt,1000,"{'max_depth': 60, 'max_features': 'sqrt', 'n_estimators': 1000}",0.6816901408450704,0.692524682651622,0.6657263751763046,0.6864406779661016,0.7001414427157001,0.6756373937677054,0.6855524079320113,0.7017045454545454,0.7041251778093883,0.6975748930099858,0.6890839586577941,0.011800807359970845,3,1.0,1.0,1.0,1.0,1.0,1.0,1.0,1.0,1.0,1.0,1.0,0.0
0.38532066345214844,0.09693380354737614,0.015600061416625977,1.5814899398591043e-07,70,auto,50,"{'max_depth': 70, 'max_features': 'auto', 'n_estimators': 50}",0.671830985915493,0.6812411847672779,0.6685472496473907,0.6822033898305084,0.6874115983026874,0.6657223796033994,0.6784702549575071,0.6832386363636364,0.6842105263157895,0.6918687589158345,0.6794563216763415,0.007944849695097744,121,1.0,1.0,1.0,1.0,1.0,1.0,1.0,1.0,1.0,1.0,1.0,0.0
0.7581613302230835,0.2158447916290993,0.031200122833251954,1.784161275279017e-07,70,auto,100,"{'max_depth': 70, 'max_features': 'auto', 'n_estimators': 100}",0.6774647887323944,0.6953455571227081,0.6685472496473907,0.6793785310734464,0.6902404526166902,0.6742209631728046,0.6912181303116147,0.7017045454545454,0.6927453769559033,0.6875891583452212,0.6858275520317145,0.009939047376908726,97,1.0,1.0,1.0,1.0,1.0,1.0,1.0,1.0,1.0,1.0,1.0,0.0
1.113841986656189,0.2657688033961081,0.09984023571014404,0.05088574959028246,70,auto,150,"{'max_depth': 70, 'max_features': 'auto', 'n_estimators': 150}",0.6830985915492958,0.7009873060648801,0.6727785613540197,0.6779661016949152,0.695898161244696,0.6798866855524079,0.6926345609065155,0.7059659090909091,0.6842105263157895,0.6904422253922967,0.6883760441738638,0.010085613753081256,45,1.0,1.0,1.0,1.0,1.0,1.0,1.0,1.0,1.0,1.0,1.0,0.0
1.4461224794387817,0.17004032725592672,0.1279202938079834,0.04721421586116976,70,auto,200,"{'max_depth': 70, 'max_features': 'auto', 'n_estimators': 200}",0.6830985915492958,0.6995768688293371,0.6685472496473907,0.6807909604519774,0.695898161244696,0.6813031161473088,0.6940509915014165,0.7017045454545454,0.6941678520625889,0.6918687589158345,0.6890839586577941,0.0098116316028743,3,1.0,1.0,1.0,1.0,1.0,1.0,1.0,1.0,1.0,1.0,1.0,0.0
2.421124315261841,0.36862308182924425,0.1856403350830078,0.04703347449426844,70,auto,300,"{'max_depth': 70, 'max_features': 'auto', 'n_estimators': 300}",0.6830985915492958,0.693935119887165,0.6614950634696756,0.6793785310734464,0.7043847241867044,0.6813031161473088,0.6855524079320113,0.7073863636363636,0.701280227596017,0.6918687589158345,0.688942375761008,0.013095343890620581,17,1.0,1.0,1.0,1.0,1.0,1.0,1.0,1.0,1.0,1.0,1.0,0.0
3.884406805038452,0.6173749137676277,0.36816065311431884,0.1418144566525957,70,auto,500,"{'max_depth': 70, 'max_features': 'auto', 'n_estimators': 500}",0.6830985915492958,0.693935119887165,0.6657263751763046,0.6850282485875706,0.6987270155586988,0.6713881019830028,0.6841359773371105,0.6946022727272727,0.7083926031294452,0.6932952924393724,0.6878097125867195,0.012071244894609222,73,1.0,1.0,1.0,1.0,1.0,1.0,1.0,1.0,1.0,1.0,1.0,0.0
6.149530720710755,0.5272624806155646,0.6286812067031861,0.2461692154470095,70,auto,750,"{'max_depth': 70, 'max_features': 'auto', 'n_estimators': 750}",0.6816901408450704,0.6953455571227081,0.6643159379407616,0.6807909604519774,0.6987270155586988,0.6742209631728046,0.6869688385269122,0.7017045454545454,0.705547652916074,0.6947218259629101,0.6883760441738638,0.012459943758709888,45,1.0,1.0,1.0,1.0,1.0,1.0,1.0,1.0,1.0,1.0,1.0,0.0
7.626853322982788,0.51779164815232,0.4336808443069458,0.14597493934060168,70,auto,1000,"{'max_depth': 70, 'max_features': 'auto', 'n_estimators': 1000}",0.6788732394366197,0.692524682651622,0.6671368124118476,0.6864406779661016,0.6987270155586988,0.6756373937677054,0.6855524079320113,0.7017045454545454,0.7041251778093883,0.6975748930099858,0.688800792864222,0.011611143645363246,27,1.0,1.0,1.0,1.0,1.0,1.0,1.0,1.0,1.0,1.0,1.0,0.0
0.4399206876754761,0.21008549357787523,0.015599989891052246,1.6689300537109374e-07,70,sqrt,50,"{'max_depth': 70, 'max_features': 'sqrt', 'n_estimators': 50}",0.671830985915493,0.6812411847672779,0.6685472496473907,0.6822033898305084,0.6874115983026874,0.6657223796033994,0.6784702549575071,0.6832386363636364,0.6842105263157895,0.6918687589158345,0.6794563216763415,0.007944849695097744,121,1.0,1.0,1.0,1.0,1.0,1.0,1.0,1.0,1.0,1.0,1.0,0.0
0.6630011081695557,0.1425078070336493,0.031200051307678223,1.1920928955078125e-07,70,sqrt,100,"{'max_depth': 70, 'max_features': 'sqrt', 'n_estimators': 100}",0.6774647887323944,0.6953455571227081,0.6685472496473907,0.6793785310734464,0.6902404526166902,0.6742209631728046,0.6912181303116147,0.7017045454545454,0.6927453769559033,0.6875891583452212,0.6858275520317145,0.009939047376908726,97,1.0,1.0,1.0,1.0,1.0,1.0,1.0,1.0,1.0,1.0,1.0,0.0
1.166882038116455,0.22070595345978844,0.07800016403198243,0.029598980140599813,70,sqrt,150,"{'max_depth': 70, 'max_features': 'sqrt', 'n_estimators': 150}",0.6830985915492958,0.7009873060648801,0.6727785613540197,0.6779661016949152,0.695898161244696,0.6798866855524079,0.6926345609065155,0.7059659090909091,0.6842105263157895,0.6904422253922967,0.6883760441738638,0.010085613753081256,45,1.0,1.0,1.0,1.0,1.0,1.0,1.0,1.0,1.0,1.0,1.0,0.0
1.4383225917816163,0.29341330665609144,0.12792015075683594,0.05702023314747965,70,sqrt,200,"{'max_depth': 70, 'max_features': 'sqrt', 'n_estimators': 200}",0.6830985915492958,0.6995768688293371,0.6685472496473907,0.6807909604519774,0.695898161244696,0.6813031161473088,0.6940509915014165,0.7017045454545454,0.6941678520625889,0.6918687589158345,0.6890839586577941,0.0098116316028743,3,1.0,1.0,1.0,1.0,1.0,1.0,1.0,1.0,1.0,1.0,1.0,0.0
2.1996039152145386,0.3983967730540198,0.25428042411804197,0.10325524549452382,70,sqrt,300,"{'max_depth': 70, 'max_features': 'sqrt', 'n_estimators': 300}",0.6830985915492958,0.693935119887165,0.6614950634696756,0.6793785310734464,0.7043847241867044,0.6813031161473088,0.6855524079320113,0.7073863636363636,0.701280227596017,0.6918687589158345,0.688942375761008,0.013095343890620581,17,1.0,1.0,1.0,1.0,1.0,1.0,1.0,1.0,1.0,1.0,1.0,0.0
3.871926784515381,0.3389049490237841,0.3572405815124512,0.1480688581819158,70,sqrt,500,"{'max_depth': 70, 'max_features': 'sqrt', 'n_estimators': 500}",0.6830985915492958,0.693935119887165,0.6657263751763046,0.6850282485875706,0.6987270155586988,0.6713881019830028,0.6841359773371105,0.6946022727272727,0.7083926031294452,0.6932952924393724,0.6878097125867195,0.012071244894609222,73,1.0,1.0,1.0,1.0,1.0,1.0,1.0,1.0,1.0,1.0,1.0,0.0
5.586369800567627,0.5030591912400316,0.4352407932281494,0.18145061555775444,70,sqrt,750,"{'max_depth': 70, 'max_features': 'sqrt', 'n_estimators': 750}",0.6816901408450704,0.6953455571227081,0.6643159379407616,0.6807909604519774,0.6987270155586988,0.6742209631728046,0.6869688385269122,0.7017045454545454,0.705547652916074,0.6947218259629101,0.6883760441738638,0.012459943758709888,45,1.0,1.0,1.0,1.0,1.0,1.0,1.0,1.0,1.0,1.0,1.0,0.0
8.80309545993805,0.6839878302105941,0.836161470413208,0.2840062857319423,70,sqrt,1000,"{'max_depth': 70, 'max_features': 'sqrt', 'n_estimators': 1000}",0.6788732394366197,0.692524682651622,0.6671368124118476,0.6864406779661016,0.6987270155586988,0.6756373937677054,0.6855524079320113,0.7017045454545454,0.7041251778093883,0.6975748930099858,0.688800792864222,0.011611143645363246,27,1.0,1.0,1.0,1.0,1.0,1.0,1.0,1.0,1.0,1.0,1.0,0.0
0.6598810911178589,0.2941793521243603,0.01716012954711914,0.0046800136590454105,80,auto,50,"{'max_depth': 80, 'max_features': 'auto', 'n_estimators': 50}",0.671830985915493,0.6812411847672779,0.6685472496473907,0.6822033898305084,0.6874115983026874,0.6657223796033994,0.6784702549575071,0.6832386363636364,0.6842105263157895,0.6918687589158345,0.6794563216763415,0.007944849695097744,121,1.0,1.0,1.0,1.0,1.0,1.0,1.0,1.0,1.0,1.0,1.0,0.0
0.5647210597991943,0.06934558178774927,0.03744006156921387,0.014297646674010813,80,auto,100,"{'max_depth': 80, 'max_features': 'auto', 'n_estimators': 100}",0.6774647887323944,0.6953455571227081,0.6685472496473907,0.6793785310734464,0.6902404526166902,0.6742209631728046,0.6912181303116147,0.7017045454545454,0.6927453769559033,0.6875891583452212,0.6858275520317145,0.009939047376908726,97,1.0,1.0,1.0,1.0,1.0,1.0,1.0,1.0,1.0,1.0,1.0,0.0
1.3884023666381835,0.25604961618946176,0.07956020832061768,0.026520074115438216,80,auto,150,"{'max_depth': 80, 'max_features': 'auto', 'n_estimators': 150}",0.6830985915492958,0.7009873060648801,0.6727785613540197,0.6779661016949152,0.695898161244696,0.6798866855524079,0.6926345609065155,0.7059659090909091,0.6842105263157895,0.6904422253922967,0.6883760441738638,0.010085613753081256,45,1.0,1.0,1.0,1.0,1.0,1.0,1.0,1.0,1.0,1.0,1.0,0.0
1.6629629611968995,0.19586590840700166,0.15444018840789794,0.11259072239346099,80,auto,200,"{'max_depth': 80, 'max_features': 'auto', 'n_estimators': 200}",0.6830985915492958,0.6995768688293371,0.6685472496473907,0.6807909604519774,0.695898161244696,0.6813031161473088,0.6940509915014165,0.7017045454545454,0.6941678520625889,0.6918687589158345,0.6890839586577941,0.0098116316028743,3,1.0,1.0,1.0,1.0,1.0,1.0,1.0,1.0,1.0,1.0,1.0,0.0
2.341564178466797,0.30188775734579554,0.19344027042388917,0.049430277457006296,80,auto,300,"{'max_depth': 80, 'max_features': 'auto', 'n_estimators': 300}",0.6830985915492958,0.693935119887165,0.6614950634696756,0.6793785310734464,0.7043847241867044,0.6813031161473088,0.6855524079320113,0.7073863636363636,0.701280227596017,0.6918687589158345,0.688942375761008,0.013095343890620581,17,1.0,1.0,1.0,1.0,1.0,1.0,1.0,1.0,1.0,1.0,1.0,0.0
3.74088659286499,0.7546543942110575,0.37284069061279296,0.10952281594601324,80,auto,500,"{'max_depth': 80, 'max_features': 'auto', 'n_estimators': 500}",0.6830985915492958,0.693935119887165,0.6657263751763046,0.6850282485875706,0.6987270155586988,0.6713881019830028,0.6841359773371105,0.6946022727272727,0.7083926031294452,0.6932952924393724,0.6878097125867195,0.012071244894609222,73,1.0,1.0,1.0,1.0,1.0,1.0,1.0,1.0,1.0,1.0,1.0,0.0
5.748610115051269,0.9025191833062678,0.5787610292434693,0.23059043081966132,80,auto,750,"{'max_depth': 80, 'max_features': 'auto', 'n_estimators': 750}",0.6816901408450704,0.6953455571227081,0.6643159379407616,0.6807909604519774,0.6987270155586988,0.6742209631728046,0.6869688385269122,0.7017045454545454,0.705547652916074,0.6947218259629101,0.6883760441738638,0.012459943758709888,45,1.0,1.0,1.0,1.0,1.0,1.0,1.0,1.0,1.0,1.0,1.0,0.0
7.296132826805115,0.38856595365778224,0.7332013130187989,0.28552734247181744,80,auto,1000,"{'max_depth': 80, 'max_features': 'auto', 'n_estimators': 1000}",0.6788732394366197,0.692524682651622,0.6671368124118476,0.6864406779661016,0.6987270155586988,0.6756373937677054,0.6855524079320113,0.7017045454545454,0.7041251778093883,0.6975748930099858,0.688800792864222,0.011611143645363246,27,1.0,1.0,1.0,1.0,1.0,1.0,1.0,1.0,1.0,1.0,1.0,0.0
0.4914008855819702,0.16863185123600122,0.018720030784606934,0.006240010264268497,80,sqrt,50,"{'max_depth': 80, 'max_features': 'sqrt', 'n_estimators': 50}",0.671830985915493,0.6812411847672779,0.6685472496473907,0.6822033898305084,0.6874115983026874,0.6657223796033994,0.6784702549575071,0.6832386363636364,0.6842105263157895,0.6918687589158345,0.6794563216763415,0.007944849695097744,121,1.0,1.0,1.0,1.0,1.0,1.0,1.0,1.0,1.0,1.0,1.0,0.0
0.5959210395812988,0.1241746393481676,0.03119997978210449,9.5367431640625e-08,80,sqrt,100,"{'max_depth': 80, 'max_features': 'sqrt', 'n_estimators': 100}",0.6774647887323944,0.6953455571227081,0.6685472496473907,0.6793785310734464,0.6902404526166902,0.6742209631728046,0.6912181303116147,0.7017045454545454,0.6927453769559033,0.6875891583452212,0.6858275520317145,0.009939047376908726,97,1.0,1.0,1.0,1.0,1.0,1.0,1.0,1.0,1.0,1.0,1.0,0.0
1.174682092666626,0.10535508835434967,0.08112015724182128,0.02495997846174506,80,sqrt,150,"{'max_depth': 80, 'max_features': 'sqrt', 'n_estimators': 150}",0.6830985915492958,0.7009873060648801,0.6727785613540197,0.6779661016949152,0.695898161244696,0.6798866855524079,0.6926345609065155,0.7059659090909091,0.6842105263157895,0.6904422253922967,0.6883760441738638,0.010085613753081256,45,1.0,1.0,1.0,1.0,1.0,1.0,1.0,1.0,1.0,1.0,1.0,0.0
1.5646828174591065,0.1468475928676494,0.12168014049530029,0.030249535169078048,80,sqrt,200,"{'max_depth': 80, 'max_features': 'sqrt', 'n_estimators': 200}",0.6830985915492958,0.6995768688293371,0.6685472496473907,0.6807909604519774,0.695898161244696,0.6813031161473088,0.6940509915014165,0.7017045454545454,0.6941678520625889,0.6918687589158345,0.6890839586577941,0.0098116316028743,3,1.0,1.0,1.0,1.0,1.0,1.0,1.0,1.0,1.0,1.0,1.0,0.0
2.2058439016342164,0.2789919848742153,0.19656038284301758,0.07680534222736916,80,sqrt,300,"{'max_depth': 80, 'max_features': 'sqrt', 'n_estimators': 300}",0.6830985915492958,0.693935119887165,0.6614950634696756,0.6793785310734464,0.7043847241867044,0.6813031161473088,0.6855524079320113,0.7073863636363636,0.701280227596017,0.6918687589158345,0.688942375761008,0.013095343890620581,17,1.0,1.0,1.0,1.0,1.0,1.0,1.0,1.0,1.0,1.0,1.0,0.0
3.976447010040283,0.45070043021334283,0.4180806875228882,0.16103579612796134,80,sqrt,500,"{'max_depth': 80, 'max_features': 'sqrt', 'n_estimators': 500}",0.6830985915492958,0.693935119887165,0.6657263751763046,0.6850282485875706,0.6987270155586988,0.6713881019830028,0.6841359773371105,0.6946022727272727,0.7083926031294452,0.6932952924393724,0.6878097125867195,0.012071244894609222,73,1.0,1.0,1.0,1.0,1.0,1.0,1.0,1.0,1.0,1.0,1.0,0.0
5.828170204162598,0.3885753334984325,0.5881210803985596,0.28227434643081517,80,sqrt,750,"{'max_depth': 80, 'max_features': 'sqrt', 'n_estimators': 750}",0.6816901408450704,0.6953455571227081,0.6643159379407616,0.6807909604519774,0.6987270155586988,0.6742209631728046,0.6869688385269122,0.7017045454545454,0.705547652916074,0.6947218259629101,0.6883760441738638,0.012459943758709888,45,1.0,1.0,1.0,1.0,1.0,1.0,1.0,1.0,1.0,1.0,1.0,0.0
7.681453585624695,0.5061818439142209,0.6130810260772706,0.30137132140271794,80,sqrt,1000,"{'max_depth': 80, 'max_features': 'sqrt', 'n_estimators': 1000}",0.6788732394366197,0.692524682651622,0.6671368124118476,0.6864406779661016,0.6987270155586988,0.6756373937677054,0.6855524079320113,0.7017045454545454,0.7041251778093883,0.6975748930099858,0.688800792864222,0.011611143645363246,27,1.0,1.0,1.0,1.0,1.0,1.0,1.0,1.0,1.0,1.0,1.0,0.0
0.4820408821105957,0.20369240391593343,0.018720078468322753,0.006239926815886986,90,auto,50,"{'max_depth': 90, 'max_features': 'auto', 'n_estimators': 50}",0.671830985915493,0.6812411847672779,0.6685472496473907,0.6822033898305084,0.6874115983026874,0.6657223796033994,0.6784702549575071,0.6832386363636364,0.6842105263157895,0.6918687589158345,0.6794563216763415,0.007944849695097744,121,1.0,1.0,1.0,1.0,1.0,1.0,1.0,1.0,1.0,1.0,1.0,0.0
0.5600409030914306,0.14524789206219185,0.032760095596313474,0.004680013660260009,90,auto,100,"{'max_depth': 90, 'max_features': 'auto', 'n_estimators': 100}",0.6774647887323944,0.6953455571227081,0.6685472496473907,0.6793785310734464,0.6902404526166902,0.6742209631728046,0.6912181303116147,0.7017045454545454,0.6927453769559033,0.6875891583452212,0.6858275520317145,0.009939047376908726,97,1.0,1.0,1.0,1.0,1.0,1.0,1.0,1.0,1.0,1.0,1.0,0.0
1.2324021816253663,0.21750711608772536,0.08424012660980225,0.03502194099708689,90,auto,150,"{'max_depth': 90, 'max_features': 'auto', 'n_estimators': 150}",0.6830985915492958,0.7009873060648801,0.6727785613540197,0.6779661016949152,0.695898161244696,0.6798866855524079,0.6926345609065155,0.7059659090909091,0.6842105263157895,0.6904422253922967,0.6883760441738638,0.010085613753081256,45,1.0,1.0,1.0,1.0,1.0,1.0,1.0,1.0,1.0,1.0,1.0,0.0
1.513202691078186,0.20648687989971032,0.11856021881103515,0.05589951987360472,90,auto,200,"{'max_depth': 90, 'max_features': 'auto', 'n_estimators': 200}",0.6830985915492958,0.6995768688293371,0.6685472496473907,0.6807909604519774,0.695898161244696,0.6813031161473088,0.6940509915014165,0.7017045454545454,0.6941678520625889,0.6918687589158345,0.6890839586577941,0.0098116316028743,3,1.0,1.0,1.0,1.0,1.0,1.0,1.0,1.0,1.0,1.0,1.0,0.0
2.2058438777923586,0.3007368261163608,0.22152037620544435,0.08680119643481088,90,auto,300,"{'max_depth': 90, 'max_features': 'auto', 'n_estimators': 300}",0.6830985915492958,0.693935119887165,0.6614950634696756,0.6793785310734464,0.7043847241867044,0.6813031161473088,0.6855524079320113,0.7073863636363636,0.701280227596017,0.6918687589158345,0.688942375761008,0.013095343890620581,17,1.0,1.0,1.0,1.0,1.0,1.0,1.0,1.0,1.0,1.0,1.0,0.0
3.962406873703003,0.17469247368841023,0.3541205644607544,0.1098777309144144,90,auto,500,"{'max_depth': 90, 'max_features': 'auto', 'n_estimators': 500}",0.6830985915492958,0.693935119887165,0.6657263751763046,0.6850282485875706,0.6987270155586988,0.6713881019830028,0.6841359773371105,0.6946022727272727,0.7083926031294452,0.6932952924393724,0.6878097125867195,0.012071244894609222,73,1.0,1.0,1.0,1.0,1.0,1.0,1.0,1.0,1.0,1.0,1.0,0.0
5.634729790687561,0.27304950057162597,0.4539609432220459,0.19402449500041338,90,auto,750,"{'max_depth': 90, 'max_features': 'auto', 'n_estimators': 750}",0.6816901408450704,0.6953455571227081,0.6643159379407616,0.6807909604519774,0.6987270155586988,0.6742209631728046,0.6869688385269122,0.7017045454545454,0.705547652916074,0.6947218259629101,0.6883760441738638,0.012459943758709888,45,1.0,1.0,1.0,1.0,1.0,1.0,1.0,1.0,1.0,1.0,1.0,0.0
7.296132779121399,0.40554360427323743,0.653641152381897,0.22654443701010357,90,auto,1000,"{'max_depth': 90, 'max_features': 'auto', 'n_estimators': 1000}",0.6788732394366197,0.692524682651622,0.6671368124118476,0.6864406779661016,0.6987270155586988,0.6756373937677054,0.6855524079320113,0.7017045454545454,0.7041251778093883,0.6975748930099858,0.688800792864222,0.011611143645363246,27,1.0,1.0,1.0,1.0,1.0,1.0,1.0,1.0,1.0,1.0,1.0,0.0
0.48048088550567625,0.18082582486234436,0.01715996265411377,0.004680069290586987,90,sqrt,50,"{'max_depth': 90, 'max_features': 'sqrt', 'n_estimators': 50}",0.671830985915493,0.6812411847672779,0.6685472496473907,0.6822033898305084,0.6874115983026874,0.6657223796033994,0.6784702549575071,0.6832386363636364,0.6842105263157895,0.6918687589158345,0.6794563216763415,0.007944849695097744,121,1.0,1.0,1.0,1.0,1.0,1.0,1.0,1.0,1.0,1.0,1.0,0.0
0.8205614566802979,0.11145008620034626,0.032760024070739746,0.004680037500903307,90,sqrt,100,"{'max_depth': 90, 'max_features': 'sqrt', 'n_estimators': 100}",0.6774647887323944,0.6953455571227081,0.6685472496473907,0.6793785310734464,0.6902404526166902,0.6742209631728046,0.6912181303116147,0.7017045454545454,0.6927453769559033,0.6875891583452212,0.6858275520317145,0.009939047376908726,97,1.0,1.0,1.0,1.0,1.0,1.0,1.0,1.0,1.0,1.0,1.0,0.0
1.1856020927429198,0.19744981353005692,0.08112015724182128,0.023965265358960205,90,sqrt,150,"{'max_depth': 90, 'max_features': 'sqrt', 'n_estimators': 150}",0.6830985915492958,0.7009873060648801,0.6727785613540197,0.6779661016949152,0.695898161244696,0.6798866855524079,0.6926345609065155,0.7059659090909091,0.6842105263157895,0.6904422253922967,0.6883760441738638,0.010085613753081256,45,1.0,1.0,1.0,1.0,1.0,1.0,1.0,1.0,1.0,1.0,1.0,0.0
1.3306823015213012,0.21548947579203015,0.1154402256011963,0.048935378994877377,90,sqrt,200,"{'max_depth': 90, 'max_features': 'sqrt', 'n_estimators': 200}",0.6830985915492958,0.6995768688293371,0.6685472496473907,0.6807909604519774,0.695898161244696,0.6813031161473088,0.6940509915014165,0.7017045454545454,0.6941678520625889,0.6918687589158345,0.6890839586577941,0.0098116316028743,3,1.0,1.0,1.0,1.0,1.0,1.0,1.0,1.0,1.0,1.0,1.0,0.0
2.10132372379303,0.21503719247049924,0.21216037273406982,0.0620874044397185,90,sqrt,300,"{'max_depth': 90, 'max_features': 'sqrt', 'n_estimators': 300}",0.6830985915492958,0.693935119887165,0.6614950634696756,0.6793785310734464,0.7043847241867044,0.6813031161473088,0.6855524079320113,0.7073863636363636,0.701280227596017,0.6918687589158345,0.688942375761008,0.013095343890620581,17,1.0,1.0,1.0,1.0,1.0,1.0,1.0,1.0,1.0,1.0,1.0,0.0
4.286887574195862,0.5818956033628275,0.3822005748748779,0.13387884651609122,90,sqrt,500,"{'max_depth': 90, 'max_features': 'sqrt', 'n_estimators': 500}",0.6830985915492958,0.693935119887165,0.6657263751763046,0.6850282485875706,0.6987270155586988,0.6713881019830028,0.6841359773371105,0.6946022727272727,0.7083926031294452,0.6932952924393724,0.6878097125867195,0.012071244894609222,73,1.0,1.0,1.0,1.0,1.0,1.0,1.0,1.0,1.0,1.0,1.0,0.0
5.709610080718994,0.404459055314195,0.47112078666687013,0.16298859471228652,90,sqrt,750,"{'max_depth': 90, 'max_features': 'sqrt', 'n_estimators': 750}",0.6816901408450704,0.6953455571227081,0.6643159379407616,0.6807909604519774,0.6987270155586988,0.6742209631728046,0.6869688385269122,0.7017045454545454,0.705547652916074,0.6947218259629101,0.6883760441738638,0.012459943758709888,45,1.0,1.0,1.0,1.0,1.0,1.0,1.0,1.0,1.0,1.0,1.0,0.0
7.405333042144775,0.3169571245199909,0.7035612344741822,0.27576766847666573,90,sqrt,1000,"{'max_depth': 90, 'max_features': 'sqrt', 'n_estimators': 1000}",0.6788732394366197,0.692524682651622,0.6671368124118476,0.6864406779661016,0.6987270155586988,0.6756373937677054,0.6855524079320113,0.7017045454545454,0.7041251778093883,0.6975748930099858,0.688800792864222,0.011611143645363246,27,1.0,1.0,1.0,1.0,1.0,1.0,1.0,1.0,1.0,1.0,1.0,0.0
0.43836073875427245,0.12371328790548303,0.01716010570526123,0.004679942132257099,100,auto,50,"{'max_depth': 100, 'max_features': 'auto', 'n_estimators': 50}",0.671830985915493,0.6812411847672779,0.6685472496473907,0.6822033898305084,0.6874115983026874,0.6657223796033994,0.6784702549575071,0.6832386363636364,0.6842105263157895,0.6918687589158345,0.6794563216763415,0.007944849695097744,121,1.0,1.0,1.0,1.0,1.0,1.0,1.0,1.0,1.0,1.0,1.0,0.0
0.6598810672760009,0.12422368815928532,0.031200122833251954,1.430511474609375e-07,100,auto,100,"{'max_depth': 100, 'max_features': 'auto', 'n_estimators': 100}",0.6774647887323944,0.6953455571227081,0.6685472496473907,0.6793785310734464,0.6902404526166902,0.6742209631728046,0.6912181303116147,0.7017045454545454,0.6927453769559033,0.6875891583452212,0.6858275520317145,0.009939047376908726,97,1.0,1.0,1.0,1.0,1.0,1.0,1.0,1.0,1.0,1.0,1.0,0.0
1.1871620178222657,0.2368379663635836,0.08892021179199219,0.036284719513367626,100,auto,150,"{'max_depth': 100, 'max_features': 'auto', 'n_estimators': 150}",0.6830985915492958,0.7009873060648801,0.6727785613540197,0.6779661016949152,0.695898161244696,0.6798866855524079,0.6926345609065155,0.7059659090909091,0.6842105263157895,0.6904422253922967,0.6883760441738638,0.010085613753081256,45,1.0,1.0,1.0,1.0,1.0,1.0,1.0,1.0,1.0,1.0,1.0,0.0
1.5615627765655518,0.22910801873919112,0.09828016757965088,0.03560770159025082,100,auto,200,"{'max_depth': 100, 'max_features': 'auto', 'n_estimators': 200}",0.6830985915492958,0.6995768688293371,0.6685472496473907,0.6807909604519774,0.695898161244696,0.6813031161473088,0.6940509915014165,0.7017045454545454,0.6941678520625889,0.6918687589158345,0.6890839586577941,0.0098116316028743,3,1.0,1.0,1.0,1.0,1.0,1.0,1.0,1.0,1.0,1.0,1.0,0.0
2.2588839530944824,0.1787957122722361,0.20748038291931153,0.07483143657926081,100,auto,300,"{'max_depth': 100, 'max_features': 'auto', 'n_estimators': 300}",0.6830985915492958,0.693935119887165,0.6614950634696756,0.6793785310734464,0.7043847241867044,0.6813031161473088,0.6855524079320113,0.7073863636363636,0.701280227596017,0.6918687589158345,0.688942375761008,0.013095343890620581,17,1.0,1.0,1.0,1.0,1.0,1.0,1.0,1.0,1.0,1.0,1.0,0.0
3.7861266136169434,0.289593821284535,0.3369606018066406,0.12386069954193857,100,auto,500,"{'max_depth': 100, 'max_features': 'auto', 'n_estimators': 500}",0.6830985915492958,0.693935119887165,0.6657263751763046,0.6850282485875706,0.6987270155586988,0.6713881019830028,0.6841359773371105,0.6946022727272727,0.7083926031294452,0.6932952924393724,0.6878097125867195,0.012071244894609222,73,1.0,1.0,1.0,1.0,1.0,1.0,1.0,1.0,1.0,1.0,1.0,0.0
5.531769824028015,0.3760351410511907,0.4446007013320923,0.14009660152081693,100,auto,750,"{'max_depth': 100, 'max_features': 'auto', 'n_estimators': 750}",0.6816901408450704,0.6953455571227081,0.6643159379407616,0.6807909604519774,0.6987270155586988,0.6742209631728046,0.6869688385269122,0.7017045454545454,0.705547652916074,0.6947218259629101,0.6883760441738638,0.012459943758709888,45,1.0,1.0,1.0,1.0,1.0,1.0,1.0,1.0,1.0,1.0,1.0,0.0
7.562893271446228,0.25801901801933436,0.6411611318588257,0.26542518816405897,100,auto,1000,"{'max_depth': 100, 'max_features': 'auto', 'n_estimators': 1000}",0.6788732394366197,0.692524682651622,0.6671368124118476,0.6864406779661016,0.6987270155586988,0.6756373937677054,0.6855524079320113,0.7017045454545454,0.7041251778093883,0.6975748930099858,0.688800792864222,0.011611143645363246,27,1.0,1.0,1.0,1.0,1.0,1.0,1.0,1.0,1.0,1.0,1.0,0.0
0.48984086513519287,0.2429000090431849,0.015600037574768067,1.5266237824995158e-07,100,sqrt,50,"{'max_depth': 100, 'max_features': 'sqrt', 'n_estimators': 50}",0.671830985915493,0.6812411847672779,0.6685472496473907,0.6822033898305084,0.6874115983026874,0.6657223796033994,0.6784702549575071,0.6832386363636364,0.6842105263157895,0.6918687589158345,0.6794563216763415,0.007944849695097744,121,1.0,1.0,1.0,1.0,1.0,1.0,1.0,1.0,1.0,1.0,1.0,0.0
0.5912410974502563,0.12566495703559852,0.03432009220123291,0.006239962578730782,100,sqrt,100,"{'max_depth': 100, 'max_features': 'sqrt', 'n_estimators': 100}",0.6774647887323944,0.6953455571227081,0.6685472496473907,0.6793785310734464,0.6902404526166902,0.6742209631728046,0.6912181303116147,0.7017045454545454,0.6927453769559033,0.6875891583452212,0.6858275520317145,0.009939047376908726,97,1.0,1.0,1.0,1.0,1.0,1.0,1.0,1.0,1.0,1.0,1.0,0.0
1.0857618570327758,0.1892946332078448,0.09672021865844727,0.03331259475312765,100,sqrt,150,"{'max_depth': 100, 'max_features': 'sqrt', 'n_estimators': 150}",0.6830985915492958,0.7009873060648801,0.6727785613540197,0.6779661016949152,0.695898161244696,0.6798866855524079,0.6926345609065155,0.7059659090909091,0.6842105263157895,0.6904422253922967,0.6883760441738638,0.010085613753081256,45,1.0,1.0,1.0,1.0,1.0,1.0,1.0,1.0,1.0,1.0,1.0,0.0
1.4508026123046875,0.09866330064105643,0.0904801368713379,0.02591663588124185,100,sqrt,200,"{'max_depth': 100, 'max_features': 'sqrt', 'n_estimators': 200}",0.6830985915492958,0.6995768688293371,0.6685472496473907,0.6807909604519774,0.695898161244696,0.6813031161473088,0.6940509915014165,0.7017045454545454,0.6941678520625889,0.6918687589158345,0.6890839586577941,0.0098116316028743,3,1.0,1.0,1.0,1.0,1.0,1.0,1.0,1.0,1.0,1.0,1.0,0.0
2.1996038913726808,0.32826849048041923,0.2589603900909424,0.1044620067839557,100,sqrt,300,"{'max_depth': 100, 'max_features': 'sqrt', 'n_estimators': 300}",0.6830985915492958,0.693935119887165,0.6614950634696756,0.6793785310734464,0.7043847241867044,0.6813031161473088,0.6855524079320113,0.7073863636363636,0.701280227596017,0.6918687589158345,0.688942375761008,0.013095343890620581,17,1.0,1.0,1.0,1.0,1.0,1.0,1.0,1.0,1.0,1.0,1.0,0.0
4.202647423744201,0.5074302745179102,0.3120004892349243,0.09069506426268593,100,sqrt,500,"{'max_depth': 100, 'max_features': 'sqrt', 'n_estimators': 500}",0.6830985915492958,0.693935119887165,0.6657263751763046,0.6850282485875706,0.6987270155586988,0.6713881019830028,0.6841359773371105,0.6946022727272727,0.7083926031294452,0.6932952924393724,0.6878097125867195,0.012071244894609222,73,1.0,1.0,1.0,1.0,1.0,1.0,1.0,1.0,1.0,1.0,1.0,0.0
5.244729208946228,1.0816523450006978,0.6068410873413086,0.27506080254095255,100,sqrt,750,"{'max_depth': 100, 'max_features': 'sqrt', 'n_estimators': 750}",0.6816901408450704,0.6953455571227081,0.6643159379407616,0.6807909604519774,0.6987270155586988,0.6742209631728046,0.6869688385269122,0.7017045454545454,0.705547652916074,0.6947218259629101,0.6883760441738638,0.012459943758709888,45,1.0,1.0,1.0,1.0,1.0,1.0,1.0,1.0,1.0,1.0,1.0,0.0
8.347574591636658,1.7384681899633116,0.8002814531326294,0.3859896023152791,100,sqrt,1000,"{'max_depth': 100, 'max_features': 'sqrt', 'n_estimators': 1000}",0.6788732394366197,0.692524682651622,0.6671368124118476,0.6864406779661016,0.6987270155586988,0.6756373937677054,0.6855524079320113,0.7017045454545454,0.7041251778093883,0.6975748930099858,0.688800792864222,0.011611143645363246,27,1.0,1.0,1.0,1.0,1.0,1.0,1.0,1.0,1.0,1.0,1.0,0.0
0.6442811250686645,0.28158377493305475,0.015600085258483887,1.5993604499100135e-07,,auto,50,"{'max_depth': None, 'max_features': 'auto', 'n_estimators': 50}",0.671830985915493,0.6812411847672779,0.6685472496473907,0.6822033898305084,0.6874115983026874,0.6657223796033994,0.6784702549575071,0.6832386363636364,0.6842105263157895,0.6918687589158345,0.6794563216763415,0.007944849695097744,121,1.0,1.0,1.0,1.0,1.0,1.0,1.0,1.0,1.0,1.0,1.0,0.0
0.5272808313369751,0.05021167654974957,0.04056017398834229,0.02808008988747807,,auto,100,"{'max_depth': None, 'max_features': 'auto', 'n_estimators': 100}",0.6774647887323944,0.6953455571227081,0.6685472496473907,0.6793785310734464,0.6902404526166902,0.6742209631728046,0.6912181303116147,0.7017045454545454,0.6927453769559033,0.6875891583452212,0.6858275520317145,0.009939047376908726,97,1.0,1.0,1.0,1.0,1.0,1.0,1.0,1.0,1.0,1.0,1.0,0.0
1.2090021133422852,0.21953960472019926,0.07956013679504395,0.028295811058656174,,auto,150,"{'max_depth': None, 'max_features': 'auto', 'n_estimators': 150}",0.6830985915492958,0.7009873060648801,0.6727785613540197,0.6779661016949152,0.695898161244696,0.6798866855524079,0.6926345609065155,0.7059659090909091,0.6842105263157895,0.6904422253922967,0.6883760441738638,0.010085613753081256,45,1.0,1.0,1.0,1.0,1.0,1.0,1.0,1.0,1.0,1.0,1.0,0.0
1.516322708129883,0.2578302493928311,0.10608017444610596,0.027731299364253236,,auto,200,"{'max_depth': None, 'max_features': 'auto', 'n_estimators': 200}",0.6830985915492958,0.6995768688293371,0.6685472496473907,0.6807909604519774,0.695898161244696,0.6813031161473088,0.6940509915014165,0.7017045454545454,0.6941678520625889,0.6918687589158345,0.6890839586577941,0.0098116316028743,3,1.0,1.0,1.0,1.0,1.0,1.0,1.0,1.0,1.0,1.0,1.0,0.0
2.3353240489959717,0.3721873728754403,0.19188039302825927,0.09490405919634896,,auto,300,"{'max_depth': None, 'max_features': 'auto', 'n_estimators': 300}",0.6830985915492958,0.693935119887165,0.6614950634696756,0.6793785310734464,0.7043847241867044,0.6813031161473088,0.6855524079320113,0.7073863636363636,0.701280227596017,0.6918687589158345,0.688942375761008,0.013095343890620581,17,1.0,1.0,1.0,1.0,1.0,1.0,1.0,1.0,1.0,1.0,1.0,0.0
3.6254463672637938,0.6455924760762203,0.42120072841644285,0.1445003498105485,,auto,500,"{'max_depth': None, 'max_features': 'auto', 'n_estimators': 500}",0.6830985915492958,0.693935119887165,0.6657263751763046,0.6850282485875706,0.6987270155586988,0.6713881019830028,0.6841359773371105,0.6946022727272727,0.7083926031294452,0.6932952924393724,0.6878097125867195,0.012071244894609222,73,1.0,1.0,1.0,1.0,1.0,1.0,1.0,1.0,1.0,1.0,1.0,0.0
6.034090662002564,0.9467507334808584,0.6255610942840576,0.24807955939721898,,auto,750,"{'max_depth': None, 'max_features': 'auto', 'n_estimators': 750}",0.6816901408450704,0.6953455571227081,0.6643159379407616,0.6807909604519774,0.6987270155586988,0.6742209631728046,0.6869688385269122,0.7017045454545454,0.705547652916074,0.6947218259629101,0.6883760441738638,0.012459943758709888,45,1.0,1.0,1.0,1.0,1.0,1.0,1.0,1.0,1.0,1.0,1.0,0.0
6.8671321153640745,0.9717401406785015,0.7004411458969116,0.21292178222924948,,auto,1000,"{'max_depth': None, 'max_features': 'auto', 'n_estimators': 1000}",0.6788732394366197,0.692524682651622,0.6671368124118476,0.6864406779661016,0.6987270155586988,0.6756373937677054,0.6855524079320113,0.7017045454545454,0.7041251778093883,0.6975748930099858,0.688800792864222,0.011611143645363246,27,1.0,1.0,1.0,1.0,1.0,1.0,1.0,1.0,1.0,1.0,1.0,0.0
0.333840537071228,0.09646831090536123,0.015600013732910156,2.0784849851325385e-07,,sqrt,50,"{'max_depth': None, 'max_features': 'sqrt', 'n_estimators': 50}",0.671830985915493,0.6812411847672779,0.6685472496473907,0.6822033898305084,0.6874115983026874,0.6657223796033994,0.6784702549575071,0.6832386363636364,0.6842105263157895,0.6918687589158345,0.6794563216763415,0.007944849695097744,121,1.0,1.0,1.0,1.0,1.0,1.0,1.0,1.0,1.0,1.0,1.0,0.0
0.7519213676452636,0.18096037445401233,0.034319949150085446,0.009360051155697631,,sqrt,100,"{'max_depth': None, 'max_features': 'sqrt', 'n_estimators': 100}",0.6774647887323944,0.6953455571227081,0.6685472496473907,0.6793785310734464,0.6902404526166902,0.6742209631728046,0.6912181303116147,0.7017045454545454,0.6927453769559033,0.6875891583452212,0.6858275520317145,0.009939047376908726,97,1.0,1.0,1.0,1.0,1.0,1.0,1.0,1.0,1.0,1.0,1.0,0.0
1.0514418601989746,0.14753369052205176,0.0780001163482666,0.036916408629750805,,sqrt,150,"{'max_depth': None, 'max_features': 'sqrt', 'n_estimators': 150}",0.6830985915492958,0.7009873060648801,0.6727785613540197,0.6779661016949152,0.695898161244696,0.6798866855524079,0.6926345609065155,0.7059659090909091,0.6842105263157895,0.6904422253922967,0.6883760441738638,0.010085613753081256,45,1.0,1.0,1.0,1.0,1.0,1.0,1.0,1.0,1.0,1.0,1.0,0.0
1.5834028244018554,0.21965034514705156,0.1123201608657837,0.07176015273397547,,sqrt,200,"{'max_depth': None, 'max_features': 'sqrt', 'n_estimators': 200}",0.6830985915492958,0.6995768688293371,0.6685472496473907,0.6807909604519774,0.695898161244696,0.6813031161473088,0.6940509915014165,0.7017045454545454,0.6941678520625889,0.6918687589158345,0.6890839586577941,0.0098116316028743,3,1.0,1.0,1.0,1.0,1.0,1.0,1.0,1.0,1.0,1.0,1.0,0.0
2.355604147911072,0.20941260804415332,0.22152040004730225,0.1617896464534508,,sqrt,300,"{'max_depth': None, 'max_features': 'sqrt', 'n_estimators': 300}",0.6830985915492958,0.693935119887165,0.6614950634696756,0.6793785310734464,0.7043847241867044,0.6813031161473088,0.6855524079320113,0.7073863636363636,0.701280227596017,0.6918687589158345,0.688942375761008,0.013095343890620581,17,1.0,1.0,1.0,1.0,1.0,1.0,1.0,1.0,1.0,1.0,1.0,0.0
3.722166562080383,0.2559735583401235,0.3291605234146118,0.12739602022035626,,sqrt,500,"{'max_depth': None, 'max_features': 'sqrt', 'n_estimators': 500}",0.6830985915492958,0.693935119887165,0.6657263751763046,0.6850282485875706,0.6987270155586988,0.6713881019830028,0.6841359773371105,0.6946022727272727,0.7083926031294452,0.6932952924393724,0.6878097125867195,0.012071244894609222,73,1.0,1.0,1.0,1.0,1.0,1.0,1.0,1.0,1.0,1.0,1.0,0.0
6.147970819473267,0.24462219043644065,0.6068410873413086,0.20865000514900464,,sqrt,750,"{'max_depth': None, 'max_features': 'sqrt', 'n_estimators': 750}",0.6816901408450704,0.6953455571227081,0.6643159379407616,0.6807909604519774,0.6987270155586988,0.6742209631728046,0.6869688385269122,0.7017045454545454,0.705547652916074,0.6947218259629101,0.6883760441738638,0.012459943758709888,45,1.0,1.0,1.0,1.0,1.0,1.0,1.0,1.0,1.0,1.0,1.0,0.0
7.787533688545227,0.5823972846948761,0.4882808208465576,0.15365045742132355,,sqrt,1000,"{'max_depth': None, 'max_features': 'sqrt', 'n_estimators': 1000}",0.6788732394366197,0.692524682651622,0.6671368124118476,0.6864406779661016,0.6987270155586988,0.6756373937677054,0.6855524079320113,0.7017045454545454,0.7041251778093883,0.6975748930099858,0.688800792864222,0.011611143645363246,27,1.0,1.0,1.0,1.0,1.0,1.0,1.0,1.0,1.0,1.0,1.0,0.0
